datetime,毛收益,净收益,现金,总市值
2019-05-13,494.4999999999993,479.7944999999993,7930.536800000083,1008568.9368
2019-05-15,659.9999999999994,644.3599999999994,17925.53680000008,1018913.5368
2019-05-20,-27.80000000000001,-31.71620000000001,544.6942000000812,998095.7942
2019-05-20,-4.399999999999977,-8.963599999999978,544.6942000000812,998095.7942
2019-05-20,-14.000000000000057,-18.05400000000006,544.6942000000812,998095.7942
2019-05-20,-20.600000000000307,-24.676600000000306,544.6942000000812,998095.7942
2019-05-20,-67.99999999999983,-72.44399999999983,544.6942000000812,998095.7942
2019-05-20,-45.2000000000001,-49.245200000000104,544.6942000000812,998095.7942
2019-05-20,-15.79999999999984,-19.69699999999984,544.6942000000812,998095.7942
2019-05-21,-96.99999999999989,-103.71699999999989,18788.43220000008,1001971.0321999999
2019-05-21,-86.29999999999967,-92.97029999999967,18788.43220000008,1001971.0321999999
2019-05-21,-6.700000000000017,-8.766300000000017,18788.43220000008,1001971.0321999999
2019-05-21,2.9999999999999716,1.1189999999999714,18788.43220000008,1001971.0321999999
2019-05-21,-0.30000000000001137,-2.2409000000000114,18788.43220000008,1001971.0321999999
2019-05-21,-2.1999999999999886,-4.182399999999989,18788.43220000008,1001971.0321999999
2019-05-21,3.9000000000000057,1.9661000000000057,18788.43220000008,1001971.0321999999
2019-05-21,-14.000000000000057,-16.146000000000058,18788.43220000008,1001971.0321999999
2019-05-21,-9.80000000000004,-11.85180000000004,18788.43220000008,1001971.0321999999
2019-05-21,3.9000000000000057,1.8639000000000054,18788.43220000008,1001971.0321999999
2019-05-21,-5.499999999999972,-7.515499999999972,18788.43220000008,1001971.0321999999
2019-05-21,-3.499999999999943,-5.668499999999943,18788.43220000008,1001971.0321999999
2019-05-21,1.5000000000000568,-0.4746999999999433,18788.43220000008,1001971.0321999999
2019-05-21,-6.400000000000006,-8.438400000000005,18788.43220000008,1001971.0321999999
2019-05-21,-0.6000000000000227,-2.5594000000000228,18788.43220000008,1001971.0321999999
2019-05-21,-0.4999999999999716,-2.463499999999972,18788.43220000008,1001971.0321999999
2019-05-21,12.700000000000102,10.622700000000101,18788.43220000008,1001971.0321999999
2019-05-21,4.5999999999999375,2.6673999999999376,18788.43220000008,1001971.0321999999
2019-05-31,3086.7000000000007,2984.7663000000007,15315.20930000008,995861.7093000002
2019-07-05,-25.600000000001728,-44.77600000000173,10131.907100000082,1008179.1071000001
2019-07-09,-261.6000000000008,-280.5624000000008,9851.344700000083,1002410.2447
2019-07-11,-40.0,-58.68,9813.44470000008,999090.3447000002
2019-07-15,169.60000000000036,150.87040000000036,9964.31510000008,1000953.0151000002
2019-07-17,48.79999999999882,29.568799999998816,19245.62290000008,1003263.8229000003
2019-07-30,6.2000000000000455,4.2526000000000455,28165.847900000073,1011240.1479000001
2019-07-30,-9.799999999999756,-12.109999999999756,28165.847900000073,1011240.1479000001
2019-07-30,5.0,2.895,28165.847900000073,1011240.1479000001
2019-07-30,-1.3000000000000966,-3.2983000000000966,28165.847900000073,1011240.1479000001
2019-07-30,-0.9000000000000341,-3.063500000000034,28165.847900000073,1011240.1479000001
2019-07-30,0.0,-2.046,28165.847900000073,1011240.1479000001
2019-07-30,-3.199999999999932,-5.233199999999932,28165.847900000073,1011240.1479000001
2019-07-30,2.9000000000000625,0.9271000000000624,28165.847900000073,1011240.1479000001
2019-08-01,3537.9000000000024,3434.544900000002,1528.8512000000674,1007488.5511999998
2019-08-01,2267.6000000000026,2165.9012000000025,1528.8512000000674,1007488.5511999998
2019-08-05,23.500000000000085,21.412300000000087,19847.718100000064,1002059.4181000001
2019-08-05,-5.0,-7.345,19847.718100000064,1002059.4181000001
2019-08-05,4.400000000000119,2.413600000000119,19847.718100000064,1002059.4181000001
2019-08-05,-8.09999999999988,-10.22389999999988,19847.718100000064,1002059.4181000001
2019-08-05,-3.7999999999999545,-5.8361999999999545,19847.718100000064,1002059.4181000001
2019-08-05,38.899999999999864,36.16109999999986,19847.718100000064,1002059.4181000001
2019-08-05,-7.199999999999989,-9.244599999999988,19847.718100000064,1002059.4181000001
2019-08-05,1.0999999999999943,-0.8711000000000055,19847.718100000064,1002059.4181000001
2019-08-05,-2.0000000000000284,-3.9820000000000286,19847.718100000064,1002059.4181000001
2019-08-07,2479.500000000002,2378.978500000002,323.93380000006374,995919.8338000001
2019-08-08,7.0999999999999375,5.118899999999938,1317.0397000000637,996523.7396999999
2019-08-22,1882.7999999999997,1843.4771999999998,2762.1154000000606,1008370.7153999999
2019-08-23,-112.00000000000045,-130.87200000000047,2345.4039000000607,1007954.4039000004
2019-08-26,-78.20000000000022,-82.76260000000022,404.04980000006844,1005895.0497999999
2019-08-26,10.800000000000125,6.817200000000125,404.04980000006844,1005895.0497999999
2019-08-26,-15.999999999999943,-20.20799999999994,404.04980000006844,1005895.0497999999
2019-08-26,3.199999999999932,-0.9440000000000683,404.04980000006844,1005895.0497999999
2019-08-26,-61.999999999999886,-67.25799999999988,404.04980000006844,1005895.0497999999
2019-08-26,-5.600000000000023,-9.694400000000023,404.04980000006844,1005895.0497999999
2019-08-26,-4.200000000000159,-8.153000000000159,404.04980000006844,1005895.0497999999
2019-08-27,2716.5000000000005,2613.0123000000003,27389.537300000065,1010849.5373000001
2019-08-27,-4.500000000000028,-6.838500000000028,27389.537300000065,1010849.5373000001
2019-08-27,-8.200000000000216,-12.169000000000217,27389.537300000065,1010849.5373000001
2019-08-27,2.8000000000000114,-0.9023999999999885,27389.537300000065,1010849.5373000001
2019-08-27,-4.60000000000008,-8.42460000000008,27389.537300000065,1010849.5373000001
2019-08-27,20.200000000000102,16.1398000000001,27389.537300000065,1010849.5373000001
2019-08-27,1.0000000000002274,-2.9949999999997727,27389.537300000065,1010849.5373000001
2019-08-27,-29.399999999999693,-34.029799999999696,27389.537300000065,1010849.5373000001
2019-08-27,-3.400000000000034,-7.556600000000034,27389.537300000065,1010849.5373000001
2019-08-27,5.000000000000284,0.8754000000002842,27389.537300000065,1010849.5373000001
2019-08-27,-14.199999999999875,-18.232199999999875,27389.537300000065,1010849.5373000001
2019-08-27,19.59999999999951,15.31999999999951,27389.537300000065,1010849.5373000001
2019-08-27,17.600000000000193,13.343200000000193,27389.537300000065,1010849.5373000001
2019-09-04,33.29999999999913,13.394699999999133,29614.688300000063,1019760.7883
2019-09-06,3611.5000000000005,3510.1285000000003,2224.7634000000717,1030173.4634
2019-09-09,1612.1999999999955,1571.6501999999955,1411.656900000067,1037877.8569000001
2019-09-09,1615.1999999999998,1575.3767999999998,1411.656900000067,1037877.8569000001
2019-09-09,597.9999999999993,576.6299999999993,1411.656900000067,1037877.8569000001
2019-09-10,22.900000000000063,20.57750000000006,24.5782000000385,1039405.4782000001
2019-09-10,-8.899999999999864,-11.908899999999864,24.5782000000385,1039405.4782000001
2019-09-10,0.9999999999999432,-3.1490000000000578,24.5782000000385,1039405.4782000001
2019-09-10,4.000000000000057,-0.003999999999942716,24.5782000000385,1039405.4782000001
2019-09-10,10.400000000000205,6.378800000000204,24.5782000000385,1039405.4782000001
2019-09-10,4.60000000000008,0.8686000000000793,24.5782000000385,1039405.4782000001
2019-09-10,17.19999999999999,13.242799999999988,24.5782000000385,1039405.4782000001
2019-09-10,29.799999999999898,25.618599999999898,24.5782000000385,1039405.4782000001
2019-09-10,8.199999999999932,3.9897999999999314,24.5782000000385,1039405.4782000001
2019-09-10,27.00000000000003,24.587000000000028,24.5782000000385,1039405.4782000001
2019-09-10,-1.599999999999966,-5.841599999999966,24.5782000000385,1039405.4782000001
2019-09-10,4.4000000000002615,0.15640000000026077,24.5782000000385,1039405.4782000001
2019-09-10,25.199999999999818,21.04879999999982,24.5782000000385,1039405.4782000001
2019-09-10,7.399999999999807,2.9969999999998063,24.5782000000385,1039405.4782000001
2019-09-10,33.600000000000136,29.202400000000136,24.5782000000385,1039405.4782000001
2019-09-10,29.00000000000034,24.82140000000034,24.5782000000385,1039405.4782000001
2019-09-10,-3.7999999999999545,-8.168199999999954,24.5782000000385,1039405.4782000001
2019-09-11,-28.899999999999864,-31.519899999999865,91032.5791,1037168.8790999999
2019-09-11,-28.300000000000125,-31.000300000000124,91032.5791,1037168.8790999999
2019-09-11,0.1999999999999602,-2.2402000000000397,91032.5791,1037168.8790999999
2019-09-11,0.40000000000006253,-1.5897999999999377,91032.5791,1037168.8790999999
2019-09-11,-2.0999999999999375,-4.197899999999938,91032.5791,1037168.8790999999
2019-09-11,5.499999999999972,3.5814999999999713,91032.5791,1037168.8790999999
2019-09-11,-14.000000000000057,-16.448400000000056,91032.5791,1037168.8790999999
2019-09-11,1.599999999999966,-0.3982000000000341,91032.5791,1037168.8790999999
2019-09-11,14.60000000000008,12.42920000000008,91032.5791,1037168.8790999999
2019-09-11,11.700000000000017,9.541700000000017,91032.5791,1037168.8790999999
2019-09-11,1.4999999999999147,-0.7995000000000854,91032.5791,1037168.8790999999
2019-09-11,7.0999999999999375,5.061699999999938,91032.5791,1037168.8790999999
2019-09-11,-0.5000000000001137,-2.565300000000114,91032.5791,1037168.8790999999
2019-09-11,-2.5,-4.8955,91032.5791,1037168.8790999999
2019-09-11,8.400000000000034,6.188400000000034,91032.5791,1037168.8790999999
2019-09-11,20.0,17.6894,91032.5791,1037168.8790999999
2019-09-11,-1.1000000000001364,-3.2043000000001367,91032.5791,1037168.8790999999
2019-09-11,-13.200000000000216,-15.679600000000216,91032.5791,1037168.8790999999
2019-09-11,2.0000000000000284,-0.037999999999971834,91032.5791,1037168.8790999999
2019-09-11,2.1999999999999886,0.0021999999999886555,91032.5791,1037168.8790999999
2019-09-11,-1.3000000000000966,-3.3067000000000966,91032.5791,1037168.8790999999
2019-09-11,-2.1999999999999886,-4.415199999999989,91032.5791,1037168.8790999999
2019-09-11,9.899999999999949,7.962899999999949,91032.5791,1037168.8790999999
2019-09-11,3.200000000000074,0.8272000000000741,91032.5791,1037168.8790999999
2019-09-11,25.0,22.634999999999998,91032.5791,1037168.8790999999
2019-09-11,4.500000000000028,2.4465000000000283,91032.5791,1037168.8790999999
2019-09-11,19.000000000000057,16.571000000000055,91032.5791,1037168.8790999999
2019-09-11,-2.0000000000000284,-4.258000000000028,91032.5791,1037168.8790999999
2019-09-11,0.1999999999999602,-1.77040000000004,91032.5791,1037168.8790999999
2019-09-11,7.399999999999807,5.188999999999806,91032.5791,1037168.8790999999
2019-09-11,-5.0,-7.237,91032.5791,1037168.8790999999
2019-09-11,4.099999999999966,1.984099999999966,91032.5791,1037168.8790999999
2019-09-11,1.0000000000000853,-0.9829999999999148,91032.5791,1037168.8790999999
2019-09-11,7.5,5.4745,91032.5791,1037168.8790999999
2019-09-11,9.000000000000057,6.9990000000000565,91032.5791,1037168.8790999999
2019-09-11,2.0999999999999375,0.21009999999993756,91032.5791,1037168.8790999999
2019-09-11,2.1999999999999886,0.012199999999988442,91032.5791,1037168.8790999999
2019-09-11,1.799999999999784,-0.4846000000002162,91032.5791,1037168.8790999999
2019-09-11,8.299999999999983,6.3416999999999835,91032.5791,1037168.8790999999
2019-09-11,-1.5000000000000568,-3.691500000000057,91032.5791,1037168.8790999999
2019-09-11,-0.30000000000001137,-2.287300000000011,91032.5791,1037168.8790999999
2019-09-11,1.9000000000001194,-0.26809999999988054,91032.5791,1037168.8790999999
2019-09-11,7.000000000000028,4.827000000000028,91032.5791,1037168.8790999999
2019-09-11,3.5000000000000853,1.1995000000000848,91032.5791,1037168.8790999999
2019-09-11,7.10000000000008,5.088700000000079,91032.5791,1037168.8790999999
2019-09-11,0.6999999999999318,-1.4307000000000683,91032.5791,1037168.8790999999
2019-09-11,4.700000000000131,2.4807000000001302,91032.5791,1037168.8790999999
2019-09-11,2.0999999999999375,0.13429999999993747,91032.5791,1037168.8790999999
2019-09-11,-2.8000000000001535,-4.956000000000153,91032.5791,1037168.8790999999
2019-09-11,5.100000000000051,2.901500000000051,91032.5791,1037168.8790999999
2019-09-11,-1.4999999999999147,-3.7194999999999148,91032.5791,1037168.8790999999
2019-09-11,2.0000000000000284,-0.037999999999971834,91032.5791,1037168.8790999999
2019-09-11,2.1000000000000796,0.015900000000079295,91032.5791,1037168.8790999999
2019-09-11,12.5,10.346499999999999,91032.5791,1037168.8790999999
2019-09-11,5.0,2.365,91032.5791,1037168.8790999999
2019-09-11,154.29999999999978,151.97549999999978,91032.5791,1037168.8790999999
2019-09-11,7.800000000000011,5.574200000000012,91032.5791,1037168.8790999999
2019-09-16,2893.4000000000024,2790.938600000002,21512.2975,1034204.1974999999
2019-09-19,2706.4999999999977,2604.862499999998,5998.4430999999995,1025283.1431000001
2019-09-19,2000.5000000000016,1943.2219000000016,5998.4430999999995,1025283.1431000001
2019-09-26,625.6,603.4344,2328.608499999998,1014895.6085
2019-11-13,2547.600000000001,2446.112400000001,26545.0306,1008075.3306000002
2019-11-13,-2.0999999999997954,-8.282099999999796,26545.0306,1008075.3306000002
2019-11-13,-4.699999999999989,-6.633699999999989,26545.0306,1008075.3306000002
2019-11-13,-6.899999999999977,-8.847099999999978,26545.0306,1008075.3306000002
2019-11-13,-1.5000000000000568,-3.4285000000000565,26545.0306,1008075.3306000002
2019-11-13,-4.500000000000028,-6.381500000000028,26545.0306,1008075.3306000002
2019-11-13,-2.399999999999949,-4.280399999999949,26545.0306,1008075.3306000002
2019-11-13,0.4999999999999716,-1.4223000000000285,26545.0306,1008075.3306000002
2019-11-13,-0.9999999999999432,-2.9589999999999432,26545.0306,1008075.3306000002
2019-11-15,650.0000000000002,628.9440000000002,12040.318599999999,1004868.4186000001
2019-11-15,-335.99999999999994,-356.43999999999994,12040.318599999999,1004868.4186000001
2019-11-28,-15998.7,-16164.337500000001,65183.498999999996,994830.8990000001
2019-12-24,14857.600000000006,14717.735200000006,12184.419300000005,1032233.7193
2019-12-26,568.0000000000009,546.0120000000009,2521.923700000004,1038347.6237000002
2019-12-27,15.0,12.855,3551.6225000000036,1039270.2224999999
2019-12-27,-1.5000000000000568,-3.846500000000057,3551.6225000000036,1039270.2224999999
2019-12-27,-4.100000000000108,-6.254700000000108,3551.6225000000036,1039270.2224999999
2019-12-27,16.999999999999886,14.654999999999886,3551.6225000000036,1039270.2224999999
2019-12-27,11.199999999999903,8.711399999999903,3551.6225000000036,1039270.2224999999
2019-12-27,12.199999999999989,9.80019999999999,3551.6225000000036,1039270.2224999999
2019-12-27,18.199999999999932,15.757999999999932,3551.6225000000036,1039270.2224999999
2019-12-30,-10.0,-14.546,11924.195199999996,1043142.7951999996
2019-12-30,-10.199999999999818,-14.261799999999818,11924.195199999996,1043142.7951999996
2019-12-30,-13.100000000000023,-15.752900000000023,11924.195199999996,1043142.7951999996
2019-12-30,28.200000000000216,24.023400000000215,11924.195199999996,1043142.7951999996
2019-12-30,-3.400000000000034,-7.393000000000034,11924.195199999996,1043142.7951999996
2019-12-30,-17.00000000000017,-21.19900000000017,11924.195199999996,1043142.7951999996
2019-12-30,0.9999999999999432,-2.810200000000057,11924.195199999996,1043142.7951999996
2019-12-30,8.599999999999852,4.673399999999852,11924.195199999996,1043142.7951999996
2019-12-30,-2.6000000000001933,-6.6346000000001935,11924.195199999996,1043142.7951999996
2019-12-30,-35.99999999999994,-40.443999999999946,11924.195199999996,1043142.7951999996
2019-12-30,12.800000000000296,8.582800000000296,11924.195199999996,1043142.7951999996
2019-12-31,10.49999999999983,3.4754999999998297,21230.353399999996,1046451.7533999999
2019-12-31,15.300000000000153,8.336700000000153,21230.353399999996,1046451.7533999999
2019-12-31,20.0,15.036,21230.353399999996,1046451.7533999999
2020-01-06,54.89999999999995,48.38489999999995,14318.084599999996,1057483.0845999997
2020-01-07,1946.8,1881.0436,13546.225599999994,1064858.5256
2020-01-08,1724.0000000000014,1661.1194000000014,5727.532399999993,1059106.0323999994
2020-01-09,152.6000000000002,147.6710000000002,2281.126299999996,1068949.4262999997
2020-01-10,-18.500000000000227,-29.881500000000226,1002.0288000000131,1066191.5287999993
2020-01-10,18.799999999999955,8.938799999999954,1002.0288000000131,1066191.5287999993
2020-01-10,-4.7999999999996135,-14.085599999999614,1002.0288000000131,1066191.5287999993
2020-01-10,36.00000000000023,25.836000000000226,1002.0288000000131,1066191.5287999993
2020-01-10,79.99999999999972,69.51999999999971,1002.0288000000131,1066191.5287999993
2020-01-10,58.40000000000032,47.54080000000032,1002.0288000000131,1066191.5287999993
2020-01-10,49.0000000000002,38.529000000000195,1002.0288000000131,1066191.5287999993
2020-01-10,5.9999999999990905,-3.9164000000009107,1002.0288000000131,1066191.5287999993
2020-01-10,55.2000000000001,48.9144000000001,1002.0288000000131,1066191.5287999993
2020-01-10,149.40000000000012,143.25540000000012,1002.0288000000131,1066191.5287999993
2020-01-10,48.79999999999967,44.02079999999967,1002.0288000000131,1066191.5287999993
2020-01-10,45.900000000000034,39.01590000000003,1002.0288000000131,1066191.5287999993
2020-01-10,77.0999999999998,70.9022999999998,1002.0288000000131,1066191.5287999993
2020-01-13,3162.0,3059.338,137574.2199,1066834.1199
2020-01-13,-12.999999999999972,-15.556999999999972,137574.2199,1066834.1199
2020-01-13,-3.599999999999852,-7.688399999999852,137574.2199,1066834.1199
2020-01-13,-14.60000000000008,-18.96540000000008,137574.2199,1066834.1199
2020-01-13,-42.40000000000009,-46.67760000000009,137574.2199,1066834.1199
2020-01-13,-15.999999999999943,-20.035999999999945,137574.2199,1066834.1199
2020-01-13,17.59999999999991,13.222399999999908,137574.2199,1066834.1199
2020-01-13,-13.400000000000034,-15.686600000000034,137574.2199,1066834.1199
2020-01-13,-17.80000000000001,-22.138200000000012,137574.2199,1066834.1199
2020-01-13,6.2000000000000455,1.7338000000000449,137574.2199,1066834.1199
2020-01-13,-1.4000000000001478,-5.385400000000148,137574.2199,1066834.1199
2020-01-13,-0.49999999999982947,-2.8608999999998295,137574.2199,1066834.1199
2020-01-13,-5.0,-9.097,137574.2199,1066834.1199
2020-01-13,-3.400000000000034,-5.963400000000034,137574.2199,1066834.1199
2020-01-13,19.600000000000364,15.128000000000364,137574.2199,1066834.1199
2020-01-13,30.0,27.67,137574.2199,1066834.1199
2020-01-13,18.900000000000148,16.538900000000147,137574.2199,1066834.1199
2020-01-13,-4.099999999999966,-6.601899999999966,137574.2199,1066834.1199
2020-01-13,0.0,-4.172,137574.2199,1066834.1199
2020-01-13,-7.599999999999909,-11.78359999999991,137574.2199,1066834.1199
2020-01-13,-17.10000000000008,-19.48690000000008,137574.2199,1066834.1199
2020-01-13,-12.899999999999778,-15.256899999999778,137574.2199,1066834.1199
2020-01-13,-11.800000000000068,-14.088600000000067,137574.2199,1066834.1199
2020-01-13,12.800000000000011,8.398400000000011,137574.2199,1066834.1199
2020-01-13,1.5000000000000568,-0.8556999999999433,137574.2199,1066834.1199
2020-01-13,-6.7999999999995,-10.9427999999995,137574.2199,1066834.1199
2020-01-13,-11.60000000000025,-16.00400000000025,137574.2199,1066834.1199
2020-01-13,-8.799999999999955,-12.966399999999954,137574.2199,1066834.1199
2020-01-13,0.600000000000307,-3.8749999999996927,137574.2199,1066834.1199
2020-01-13,-8.400000000000034,-11.986400000000035,137574.2199,1066834.1199
2020-01-13,-5.300000000000011,-7.6273000000000115,137574.2199,1066834.1199
2020-01-13,15.0,12.405000000000001,137574.2199,1066834.1199
2020-01-13,-17.80000000000001,-21.94220000000001,137574.2199,1066834.1199
2020-01-13,5.0,2.535,137574.2199,1066834.1199
2020-01-13,1.799999999999926,-0.4902000000000739,137574.2199,1066834.1199
2020-01-13,-31.399999999999864,-34.176799999999865,137574.2199,1066834.1199
2020-01-13,4.399999999999977,0.4043999999999772,137574.2199,1066834.1199
2020-01-13,-15.29999999999987,-17.58689999999987,137574.2199,1066834.1199
2020-01-13,7.9000000000000625,5.547700000000063,137574.2199,1066834.1199
2020-01-13,20.0,15.62,137574.2199,1066834.1199
2020-01-13,-35.800000000000125,-40.20420000000013,137574.2199,1066834.1199
2020-01-13,0.20000000000010232,-3.8841999999998977,137574.2199,1066834.1199
2020-01-13,1.8000000000000682,-0.7277999999999318,137574.2199,1066834.1199
2020-01-13,-4.60000000000008,-8.385400000000079,137574.2199,1066834.1199
2020-01-13,-2.8000000000000114,-7.325200000000011,137574.2199,1066834.1199
2020-01-13,-0.6000000000000227,-2.9454000000000224,137574.2199,1066834.1199
2020-01-13,-10.999999999999943,-15.022999999999943,137574.2199,1066834.1199
2020-01-13,-27.199999999999704,-31.691999999999705,137574.2199,1066834.1199
2020-01-13,8.600000000000136,4.600600000000137,137574.2199,1066834.1199
2020-01-13,-5.39999999999992,-9.733399999999921,137574.2199,1066834.1199
2020-01-13,-68.40000000000003,-72.93160000000003,137574.2199,1066834.1199
2020-01-13,-5.0,-7.475,137574.2199,1066834.1199
2020-01-13,-1.1999999999997613,-5.301199999999762,137574.2199,1066834.1199
2020-01-13,-1.3999999999995794,-5.761399999999579,137574.2199,1066834.1199
2020-01-13,-44.60000000000008,-47.61280000000008,137574.2199,1066834.1199
2020-01-13,-11.999999999999886,-16.347999999999885,137574.2199,1066834.1199
2020-01-14,5689.2,5585.0208,4048.0407999999984,1069784.2408
2020-01-16,-123.29999999999998,-130.57469999999998,35315.77580000001,1060572.6758
2020-01-16,2732.7999999999993,2629.663199999999,35315.77580000001,1060572.6758
2020-01-16,-33.899999999999864,-40.80449999999986,35315.77580000001,1060572.6758
2020-01-16,1.4999999999999147,-6.118500000000085,35315.77580000001,1060572.6758
2020-01-16,-49.20000000000002,-56.502600000000015,35315.77580000001,1060572.6758
2020-01-16,-6.599999999999966,-12.947399999999966,35315.77580000001,1060572.6758
2020-01-16,-10.999999999999659,-16.54819999999966,35315.77580000001,1060572.6758
2020-01-16,-9.899999999999949,-16.190099999999948,35315.77580000001,1060572.6758
2020-01-21,8641.600000000013,8454.193200000012,30692.050500000005,1068780.9505
2020-01-21,2.9999999999999716,0.9569999999999714,30692.050500000005,1068780.9505
2020-01-21,2.0999999999999375,0.09789999999993748,30692.050500000005,1068780.9505
2020-01-21,11.100000000000136,9.034100000000137,30692.050500000005,1068780.9505
2020-01-21,-0.9999999999999432,-2.9909999999999433,30692.050500000005,1068780.9505
2020-01-21,9.000000000000057,6.989000000000057,30692.050500000005,1068780.9505
2020-01-21,18.100000000000023,16.017900000000022,30692.050500000005,1068780.9505
2020-01-21,4.199999999999875,2.135599999999875,30692.050500000005,1068780.9505
2020-01-21,2.8000000000000114,1.0262000000000113,30692.050500000005,1068780.9505
2020-01-21,6.099999999999994,4.053899999999994,30692.050500000005,1068780.9505
2020-01-21,0.799999999999983,-1.1948000000000172,30692.050500000005,1068780.9505
2020-01-21,0.5000000000001137,-1.5474999999998862,30692.050500000005,1068780.9505
2020-01-23,1143.4000000000003,1115.4166000000002,4794.516900000001,1055033.1169
2020-02-03,-1040.0,-1059.44,5383.130500000002,1019782.4304999999
2020-02-03,187.70000000000095,160.78770000000094,5383.130500000002,1019782.4304999999
2020-02-05,90.0,82.47,1003.9747999999995,1042911.4748000001
2020-02-05,-590.4000000000002,-611.6796000000002,1003.9747999999995,1042911.4748000001
2020-02-06,-4.100000000000108,-6.106100000000108,13412.174100000004,1047482.2741
2020-02-06,-10.499999999999972,-12.528699999999972,13412.174100000004,1047482.2741
2020-02-06,2.1999999999999886,0.17219999999998858,13412.174100000004,1047482.2741
2020-02-06,25.0,22.935,13412.174100000004,1047482.2741
2020-02-06,5.499999999999972,3.5184999999999715,13412.174100000004,1047482.2741
2020-02-06,-1.4999999999999147,-3.5544999999999147,13412.174100000004,1047482.2741
2020-02-06,3.199999999999932,1.1727999999999321,13412.174100000004,1047482.2741
2020-02-06,13.599999999999994,11.564799999999995,13412.174100000004,1047482.2741
2020-02-06,-0.40000000000006253,-2.3920000000000625,13412.174100000004,1047482.2741
2020-02-06,15.699999999999932,13.679699999999933,13412.174100000004,1047482.2741
2020-02-11,-40.0,-45.04,20202.70790000001,1062154.8078999997
2020-02-11,-3.7000000000000455,-5.508100000000045,20202.70790000001,1062154.8078999997
2020-02-11,10.100000000000051,8.09270000000005,20202.70790000001,1062154.8078999997
2020-02-11,-0.799999999999983,-2.798999999999983,20202.70790000001,1062154.8078999997
2020-02-11,18.799999999999955,16.881599999999956,20202.70790000001,1062154.8078999997
2020-02-11,-2.9999999999999716,-5.004799999999972,20202.70790000001,1062154.8078999997
2020-02-11,14.499999999999886,12.514699999999886,20202.70790000001,1062154.8078999997
2020-02-11,13.299999999999983,11.273299999999983,20202.70790000001,1062154.8078999997
2020-02-14,2.9999999999999716,0.7309999999999715,50518.371300000006,1064570.3713
2020-02-14,9.200000000000017,6.889200000000017,50518.371300000006,1064570.3713
2020-02-14,2.8999999999999204,0.8246999999999205,50518.371300000006,1064570.3713
2020-02-14,2.600000000000051,0.5314000000000512,50518.371300000006,1064570.3713
2020-02-14,-2.0000000000000284,-4.042000000000028,50518.371300000006,1064570.3713
2020-02-14,-4.700000000000131,-6.81410000000013,50518.371300000006,1064570.3713
2020-02-14,-0.29999999999986926,-2.3238999999998695,50518.371300000006,1064570.3713
2020-02-14,-15.0,-17.295,50518.371300000006,1064570.3713
2020-02-14,-2.300000000000182,-4.567900000000182,50518.371300000006,1064570.3713
2020-02-14,-4.100000000000108,-6.223900000000108,50518.371300000006,1064570.3713
2020-02-14,-0.4999999999999716,-2.584499999999972,50518.371300000006,1064570.3713
2020-02-14,-6.600000000000108,-8.646400000000108,50518.371300000006,1064570.3713
2020-02-14,11.90000000000012,9.59190000000012,50518.371300000006,1064570.3713
2020-02-14,-1.2000000000000455,-3.2388000000000456,50518.371300000006,1064570.3713
2020-02-14,-0.1999999999999602,-2.42579999999996,50518.371300000006,1064570.3713
2020-02-14,-0.30000000000001137,-2.2951000000000112,50518.371300000006,1064570.3713
2020-02-14,3.1000000000000227,1.0731000000000224,50518.371300000006,1064570.3713
2020-02-14,16.700000000000017,14.516700000000018,50518.371300000006,1064570.3713
2020-02-14,-2.0000000000000284,-4.052000000000028,50518.371300000006,1064570.3713
2020-02-14,-0.09999999999990905,-2.1318999999999093,50518.371300000006,1064570.3713
2020-02-14,-1.0999999999999943,-3.374899999999994,50518.371300000006,1064570.3713
2020-02-14,68.99999999999991,66.68699999999991,50518.371300000006,1064570.3713
2020-02-14,4.000000000000057,1.8066000000000568,50518.371300000006,1064570.3713
2020-02-14,-1.8999999999999773,-3.932299999999977,50518.371300000006,1064570.3713
2020-02-14,1.5000000000000568,-0.6464999999999432,50518.371300000006,1064570.3713
2020-02-14,-2.600000000000051,-4.732800000000052,50518.371300000006,1064570.3713
2020-02-14,-5.799999999999983,-7.630799999999983,50518.371300000006,1064570.3713
2020-02-14,3.399999999999892,1.371399999999892,50518.371300000006,1064570.3713
2020-02-18,2666.7999999999975,2564.8027999999977,951.1766000000285,1089469.8766
2020-02-19,2853.7,2751.2063,97029.36540000001,1089891.4654
2020-02-19,1184.000000000001,1142.624000000001,97029.36540000001,1089891.4654
2020-02-19,1229.0000000000005,1185.1710000000005,97029.36540000001,1089891.4654
2020-02-19,-45.0,-66.375,97029.36540000001,1089891.4654
2020-02-19,-81.00000000000051,-101.4210000000005,97029.36540000001,1089891.4654
2020-02-19,85.39999999999992,66.16539999999992,97029.36540000001,1089891.4654
2020-02-19,142.00000000000017,121.00200000000017,97029.36540000001,1089891.4654
2020-02-19,93.599999999999,72.568799999999,97029.36540000001,1089891.4654
2020-02-24,4770.4000000000015,4657.579600000002,8760.33890000001,1108237.1389000001
2020-02-24,1224.5999999999992,1185.7013999999992,8760.33890000001,1108237.1389000001
2020-02-25,-135.89999999999918,-156.5576999999992,6110.050700000014,1108705.4507
2020-02-26,133.0000000000004,116.1930000000004,5505.998599999971,1099394.2986
2020-02-26,-16.19999999999976,-29.20979999999976,5505.998599999971,1099394.2986
2020-02-26,38.400000000000034,23.361600000000035,5505.998599999971,1099394.2986
2020-02-26,-3.499999999999801,-19.323499999999804,5505.998599999971,1099394.2986
2020-02-26,220.20000000000095,203.61420000000095,5505.998599999971,1099394.2986
2020-02-26,558.9999999999995,536.8409999999996,5505.998599999971,1099394.2986
2020-02-26,-5.600000000001728,-22.876000000001728,5505.998599999971,1099394.2986
2020-02-26,-33.600000000000136,-49.16640000000014,5505.998599999971,1099394.2986
2020-02-26,-56.00000000000023,-72.98400000000024,5505.998599999971,1099394.2986
2020-02-27,-187.99999999999955,-209.95599999999956,2693.1978999999997,1096716.9978999998
2020-02-27,9.499999999999886,-1.9995000000001149,2693.1978999999997,1096716.9978999998
2020-02-27,2330.7999999999984,2284.8291999999983,2693.1978999999997,1096716.9978999998
2020-02-27,762.0000000000014,736.3780000000014,2693.1978999999997,1096716.9978999998
2020-02-27,-25.500000000000256,-35.880500000000254,2693.1978999999997,1096716.9978999998
2020-02-27,35.00000000000014,24.215000000000142,2693.1978999999997,1096716.9978999998
2020-02-27,-49.499999999999744,-60.930499999999746,2693.1978999999997,1096716.9978999998
2020-02-27,-84.80000000000018,-94.63520000000018,2693.1978999999997,1096716.9978999998
2020-02-27,48.49999999999994,37.78349999999995,2693.1978999999997,1096716.9978999998
2020-02-27,-8.99999999999963,-19.72099999999963,2693.1978999999997,1096716.9978999998
2020-02-27,101.50000000000006,89.42150000000005,2693.1978999999997,1096716.9978999998
2020-02-27,12.800000000000296,3.0592000000002955,2693.1978999999997,1096716.9978999998
2020-02-27,-28.49999999999966,-39.21249999999966,2693.1978999999997,1096716.9978999998
2020-02-27,-17.500000000000426,-28.522500000000427,2693.1978999999997,1096716.9978999998
2020-02-27,28.799999999999386,16.769999999999385,2693.1978999999997,1096716.9978999998
2020-02-27,-4.800000000000182,-14.716800000000182,2693.1978999999997,1096716.9978999998
2020-02-27,-35.99999999999994,-46.46399999999994,2693.1978999999997,1096716.9978999998
2020-02-27,167.5999999999999,156.4883999999999,2693.1978999999997,1096716.9978999998
2020-02-27,5.499999999999972,-5.69450000000003,2693.1978999999997,1096716.9978999998
2020-02-27,67.99999999999955,58.25999999999954,2693.1978999999997,1096716.9978999998
2020-02-27,-5.19999999999996,-7.029799999999961,2693.1978999999997,1096716.9978999998
2020-02-28,-60.0,-69.516,45753.37590000003,1087778.1758999994
2020-02-28,-301.39999999999986,-309.5013999999999,45753.37590000003,1087778.1758999994
2020-02-28,-80.0,-90.08,45753.37590000003,1087778.1758999994
2020-02-28,19.19999999999959,10.18879999999959,45753.37590000003,1087778.1758999994
2020-02-28,-70.0,-80.78999999999999,45753.37590000003,1087778.1758999994
2020-02-28,-220.0,-229.98,45753.37590000003,1087778.1758999994
2020-02-28,-75.9999999999998,-86.92399999999981,45753.37590000003,1087778.1758999994
2020-02-28,-80.80000000000041,-91.12320000000041,45753.37590000003,1087778.1758999994
2020-02-28,-13.499999999999801,-24.066499999999802,45753.37590000003,1087778.1758999994
2020-02-28,-287.20000000000255,-308.27920000000256,45753.37590000003,1087778.1758999994
2020-02-28,-240.00000000000057,-259.23280000000057,45753.37590000003,1087778.1758999994
2020-02-28,-70.80000000000041,-80.55080000000041,45753.37590000003,1087778.1758999994
2020-02-28,-27.000000000000313,-37.362000000000315,45753.37590000003,1087778.1758999994
2020-02-28,33.500000000000085,22.991500000000084,45753.37590000003,1087778.1758999994
2020-02-28,-71.20000000000005,-81.03120000000004,45753.37590000003,1087778.1758999994
2020-02-28,-104.00000000000034,-113.43200000000034,45753.37590000003,1087778.1758999994
2020-02-28,-63.600000000000705,-73.5516000000007,45753.37590000003,1087778.1758999994
2020-02-28,-0.40000000000020464,-9.335600000000206,45753.37590000003,1087778.1758999994
2020-02-28,55.19999999999982,45.76719999999982,45753.37590000003,1087778.1758999994
2020-02-28,-13.500000000000512,-23.823500000000514,45753.37590000003,1087778.1758999994
2020-02-28,-18.999999999999773,-29.736999999999775,45753.37590000003,1087778.1758999994
2020-02-28,-147.1999999999997,-156.0111999999997,45753.37590000003,1087778.1758999994
2020-02-28,-20.0,-29.652,45753.37590000003,1087778.1758999994
2020-02-28,-103.99999999999977,-114.18399999999977,45753.37590000003,1087778.1758999994
2020-02-28,-10.399999999999636,-20.809599999999637,45753.37590000003,1087778.1758999994
2020-02-28,-28.000000000000114,-38.29000000000011,45753.37590000003,1087778.1758999994
2020-02-28,-113.40000000000003,-121.68660000000003,45753.37590000003,1087778.1758999994
2020-02-28,-23.199999999999932,-32.263199999999934,45753.37590000003,1087778.1758999994
2020-02-28,-90.0,-98.37,45753.37590000003,1087778.1758999994
2020-03-03,-24.899999999999807,-27.527099999999805,9233.758100000026,1101708.8580999998
2020-03-03,-24.000000000000057,-28.556000000000058,9233.758100000026,1101708.8580999998
2020-03-03,51.999999999999886,46.911999999999885,9233.758100000026,1101708.8580999998
2020-03-03,25.800000000000125,20.705800000000124,9233.758100000026,1101708.8580999998
2020-03-04,-94.40000000000055,-114.03040000000055,27651.91070000003,1100488.6107000008
2020-03-04,20.6999999999978,0.3626999999978011,27651.91070000003,1100488.6107000008
2020-03-04,-13.600000000000136,-17.98640000000014,27651.91070000003,1100488.6107000008
2020-03-05,-35.69999999999936,-54.005699999999365,20219.60910000003,1109149.6090999995
2020-03-05,-127.20000000000027,-149.39280000000028,20219.60910000003,1109149.6090999995
2020-03-09,3342.3999999999987,3238.6975999999986,102120.80150000009,1097782.1015000003
2020-03-09,-47.59999999999948,-65.53959999999948,102120.80150000009,1097782.1015000003
2020-03-09,-356.39999999999986,-372.1163999999999,102120.80150000009,1097782.1015000003
2020-03-09,63.0000000000004,45.9970000000004,102120.80150000009,1097782.1015000003
2020-03-09,31.19999999999976,27.03119999999976,102120.80150000009,1097782.1015000003
2020-03-09,-14.000000000000057,-18.29800000000006,102120.80150000009,1097782.1015000003
2020-03-09,-530.3999999999992,-553.1629999999992,102120.80150000009,1097782.1015000003
2020-03-09,25.200000000000102,20.708400000000104,102120.80150000009,1097782.1015000003
2020-03-09,24.60000000000008,19.823400000000078,102120.80150000009,1097782.1015000003
2020-03-09,-2.1999999999999886,-6.514599999999989,102120.80150000009,1097782.1015000003
2020-03-09,45.39999999999992,41.09859999999992,102120.80150000009,1097782.1015000003
2020-03-09,-517.0000000000009,-541.3370000000009,102120.80150000009,1097782.1015000003
2020-03-09,16.400000000000148,11.491600000000147,102120.80150000009,1097782.1015000003
2020-03-09,-4.000000000000057,-8.844000000000056,102120.80150000009,1097782.1015000003
2020-03-09,29.799999999999613,25.494599999999615,102120.80150000009,1097782.1015000003
2020-03-09,34.599999999999795,30.159399999999795,102120.80150000009,1097782.1015000003
2020-03-09,3.39999999999975,-0.6306000000002498,102120.80150000009,1097782.1015000003
2020-03-09,-38.000000000000114,-42.762000000000114,102120.80150000009,1097782.1015000003
2020-03-09,41.20000000000033,37.03920000000033,102120.80150000009,1097782.1015000003
2020-03-09,8.199999999999932,5.271799999999931,102120.80150000009,1097782.1015000003
2020-03-09,39.7999999999999,35.0001999999999,102120.80150000009,1097782.1015000003
2020-03-09,-6.2000000000000455,-9.805800000000046,102120.80150000009,1097782.1015000003
2020-03-09,5.999999999999943,1.9815999999999434,102120.80150000009,1097782.1015000003
2020-03-09,52.79999999999973,48.196799999999726,102120.80150000009,1097782.1015000003
2020-03-09,-11.999999999999886,-16.747999999999887,102120.80150000009,1097782.1015000003
2020-03-09,132.4000000000001,127.4408000000001,102120.80150000009,1097782.1015000003
2020-03-09,79.19999999999987,74.64479999999988,102120.80150000009,1097782.1015000003
2020-03-09,9.800000000000182,5.6778000000001825,102120.80150000009,1097782.1015000003
2020-03-09,48.19999999999965,43.75619999999965,102120.80150000009,1097782.1015000003
2020-03-09,37.59999999999991,33.62239999999991,102120.80150000009,1097782.1015000003
2020-03-09,31.799999999999784,27.212199999999783,102120.80150000009,1097782.1015000003
2020-03-09,23.599999999999568,18.895999999999567,102120.80150000009,1097782.1015000003
2020-03-09,-35.39999999999992,-39.84459999999992,102120.80150000009,1097782.1015000003
2020-03-09,0.3999999999999204,-4.30840000000008,102120.80150000009,1097782.1015000003
2020-03-09,7.399999999999807,3.378999999999807,102120.80150000009,1097782.1015000003
2020-03-09,35.0,30.695,102120.80150000009,1097782.1015000003
2020-03-09,-10.0,-14.71,102120.80150000009,1097782.1015000003
2020-03-09,19.60000000000008,14.57640000000008,102120.80150000009,1097782.1015000003
2020-03-09,10.0,5.529999999999999,102120.80150000009,1097782.1015000003
2020-03-09,21.60000000000025,16.82000000000025,102120.80150000009,1097782.1015000003
2020-03-09,0.0,-2.88,102120.80150000009,1097782.1015000003
2020-03-09,583.1,579.2389000000001,102120.80150000009,1097782.1015000003
2020-03-09,37.59999999999991,33.44159999999991,102120.80150000009,1097782.1015000003
2020-03-09,11.999999999999886,7.547999999999886,102120.80150000009,1097782.1015000003
2020-03-09,92.99999999999983,88.22099999999983,102120.80150000009,1097782.1015000003
2020-03-09,21.200000000000045,16.553600000000046,102120.80150000009,1097782.1015000003
2020-03-09,41.599999999999966,37.405199999999965,102120.80150000009,1097782.1015000003
2020-03-09,5.999999999999943,1.5139999999999425,102120.80150000009,1097782.1015000003
2020-03-09,77.00000000000017,72.39900000000017,102120.80150000009,1097782.1015000003
2020-03-09,120.99999999999994,117.46099999999994,102120.80150000009,1097782.1015000003
2020-03-09,70.0,64.73,102120.80150000009,1097782.1015000003
2020-03-09,25.999999999999943,21.345999999999943,102120.80150000009,1097782.1015000003
2020-03-09,53.80000000000024,48.92180000000024,102120.80150000009,1097782.1015000003
2020-03-09,29.800000000000182,25.427800000000182,102120.80150000009,1097782.1015000003
2020-03-10,-70.0,-74.93,41889.86190000008,1102341.4619000002
2020-03-10,-60.0,-64.98,41889.86190000008,1102341.4619000002
2020-03-10,1859.1999999999975,1802.0829999999976,41889.86190000008,1102341.4619000002
2020-03-12,-23.000000000000398,-27.5242000000004,75149.28560000012,1096604.9856000002
2020-03-12,160.0,155.44,75149.28560000012,1096604.9856000002
2020-03-12,-82.3999999999998,-87.59439999999981,75149.28560000012,1096604.9856000002
2020-03-12,10.999999999999943,6.660999999999943,75149.28560000012,1096604.9856000002
2020-03-12,-77.20000000000056,-82.23000000000056,75149.28560000012,1096604.9856000002
2020-03-12,-660.6,-685.772,75149.28560000012,1096604.9856000002
2020-03-12,27.19999999999999,22.776399999999988,75149.28560000012,1096604.9856000002
2020-03-12,-78.00000000000011,-82.71800000000012,75149.28560000012,1096604.9856000002
2020-03-12,-8.000000000000114,-12.903600000000115,75149.28560000012,1096604.9856000002
2020-03-12,-24.299999999999642,-30.55829999999964,75149.28560000012,1096604.9856000002
2020-03-12,0.3999999999999204,-4.160400000000079,75149.28560000012,1096604.9856000002
2020-03-12,-71.99999999999989,-76.71199999999989,75149.28560000012,1096604.9856000002
2020-03-12,-21.599999999999966,-26.258399999999966,75149.28560000012,1096604.9856000002
2020-03-12,-79.39999999999998,-84.60059999999997,75149.28560000012,1096604.9856000002
2020-03-12,-34.79999999999961,-39.25479999999961,75149.28560000012,1096604.9856000002
2020-03-12,-8.599999999999568,-13.360999999999567,75149.28560000012,1096604.9856000002
2020-03-12,-14.700000000000273,-21.062700000000273,75149.28560000012,1096604.9856000002
2020-03-12,-10.600000000000023,-14.897400000000022,75149.28560000012,1096604.9856000002
2020-03-12,-40.0,-44.4,75149.28560000012,1096604.9856000002
2020-03-12,-59.00000000000006,-63.70100000000006,75149.28560000012,1096604.9856000002
2020-03-12,-59.599999999999795,-64.6595999999998,75149.28560000012,1096604.9856000002
2020-03-12,-15.79999999999984,-21.26419999999984,75149.28560000012,1096604.9856000002
2020-03-12,-10.200000000000102,-16.510200000000104,75149.28560000012,1096604.9856000002
2020-03-12,-60.0,-65.34,75149.28560000012,1096604.9856000002
2020-03-12,0.0,-4.5600000000000005,75149.28560000012,1096604.9856000002
2020-03-12,10.0,4.49,75149.28560000012,1096604.9856000002
2020-03-17,12755.499999999996,12444.693499999996,1264.1964000001128,1077193.7963999999
2020-03-19,200.0,195.16,3568.671400000113,1081356.6714
2020-03-19,-2.0000000000000284,-3.7960000000000287,3568.671400000113,1081356.6714
2020-03-23,3.299999999999983,-2.8953000000000166,938.3138000001104,1073757.3138000001
2020-03-24,-77.99999999999983,-85.36499999999982,18047.48490000011,1091109.9849
2020-03-24,180.0,172.2,18047.48490000011,1091109.9849
2020-03-30,3701.399999999999,3579.800599999999,2027.4029000001124,1084072.1029
2020-04-01,-16.300000000000097,-18.497700000000098,718.4861000001114,1096172.5861
2020-04-01,560.3,556.8602999999999,718.4861000001114,1096172.5861
2020-04-01,-23.199999999999932,-25.65619999999993,718.4861000001114,1096172.5861
2020-04-02,-6.80000000000021,-8.95680000000021,19291.794200000113,1102046.2942000001
2020-04-02,-340.0,-342.818,19291.794200000113,1102046.2942000001
2020-04-02,15.0,12.285,19291.794200000113,1102046.2942000001
2020-04-02,97.3999999999998,94.7595999999998,19291.794200000113,1102046.2942000001
2020-04-02,4.000000000000057,1.8600000000000567,19291.794200000113,1102046.2942000001
2020-04-02,18.200000000000074,16.054200000000073,19291.794200000113,1102046.2942000001
2020-04-02,4.5999999999999375,2.7945999999999374,19291.794200000113,1102046.2942000001
2020-04-24,14379.100000000039,14077.09990000004,1694.7053000001108,1085799.5052999998
2020-05-12,-2.69999999999996,-4.49069999999996,11725.64140000011,1099907.6414
2020-05-15,-5.100000000000051,-6.875100000000051,887.9463000001095,1085293.9463000002
2020-05-19,-14.699999999999989,-16.45129999999999,871.4950000001095,1073318.895
2020-05-21,-19.000000000000057,-20.669000000000057,850.8260000001094,1055272.2260000003
2020-05-25,-21.299999999999955,-22.930699999999955,827.8953000001094,1040613.9953000001
2020-05-27,3.499999999999943,1.8892999999999431,829.7846000001093,1052582.8846
2020-05-29,-1.0000000000000853,-2.627000000000085,827.1576000001093,1060263.0576000002
2020-06-02,1.5000000000000568,-0.12409999999994326,827.0335000001093,1078198.8335000002
2020-06-04,0.3999999999999204,-1.2240000000000797,11153.47150000011,1075414.5715000003
2020-06-23,-1.8000000000000682,-3.4082000000000683,10745.657900000111,1074498.4579000005
2020-07-07,26.200000000000045,24.127200000000045,91598.70520000014,1139671.5052
2020-07-07,8265.200000000017,8112.1912000000175,91598.70520000014,1139671.5052
2020-07-07,11.80000000000021,9.29180000000021,91598.70520000014,1139671.5052
2020-07-07,15.59999999999988,13.06559999999988,91598.70520000014,1139671.5052
2020-07-07,17.99999999999997,15.817999999999971,91598.70520000014,1139671.5052
2020-07-07,32.40000000000009,29.30020000000009,91598.70520000014,1139671.5052
2020-07-07,37.89999999999992,35.59809999999992,91598.70520000014,1139671.5052
2020-07-07,49.00000000000006,46.171000000000056,91598.70520000014,1139671.5052
2020-07-07,17.60000000000005,15.582400000000051,91598.70520000014,1139671.5052
2020-07-07,20.0,17.916,91598.70520000014,1139671.5052
2020-07-07,0.40000000000020464,-2.117599999999795,91598.70520000014,1139671.5052
2020-07-07,15.400000000000063,13.372600000000062,91598.70520000014,1139671.5052
2020-07-07,14.000000000000057,11.786000000000056,91598.70520000014,1139671.5052
2020-07-07,36.599999999999966,34.301599999999965,91598.70520000014,1139671.5052
2020-07-07,140.80000000000013,137.54080000000013,91598.70520000014,1139671.5052
2020-07-07,18.299999999999983,16.231699999999982,91598.70520000014,1139671.5052
2020-07-07,35.79999999999998,33.491599999999984,91598.70520000014,1139671.5052
2020-07-07,22.19999999999999,20.137799999999988,91598.70520000014,1139671.5052
2020-07-07,45.0,42.708,91598.70520000014,1139671.5052
2020-07-07,31.199999999999903,29.0057999999999,91598.70520000014,1139671.5052
2020-07-08,1535.8999999999987,1497.3142999999986,38271.96760000015,1143629.9676000003
2020-07-08,4678.400000000001,4566.225600000001,38271.96760000015,1143629.9676000003
2020-07-17,-169.7999999999999,-173.6897999999999,32771.722100000115,1110090.3221000007
2020-07-17,-188.10000000000002,-191.3881,32771.722100000115,1110090.3221000007
2020-07-17,-114.80000000000047,-119.76560000000046,32771.722100000115,1110090.3221000007
2020-07-17,-23.199999999999648,-27.401199999999648,32771.722100000115,1110090.3221000007
2020-07-17,-137.89999999999992,-141.12209999999993,32771.722100000115,1110090.3221000007
2020-07-17,-48.000000000000114,-52.70800000000011,32771.722100000115,1110090.3221000007
2020-07-17,-122.59999999999991,-127.49739999999991,32771.722100000115,1110090.3221000007
2020-07-17,144.30000000000007,140.96430000000007,32771.722100000115,1110090.3221000007
2020-07-17,-93.80000000000024,-97.92180000000025,32771.722100000115,1110090.3221000007
2020-07-17,-30.0,-34.122,32771.722100000115,1110090.3221000007
2020-07-17,-129.60000000000008,-134.57360000000008,32771.722100000115,1110090.3221000007
2020-07-17,-28.300000000000125,-31.788300000000124,32771.722100000115,1110090.3221000007
2020-07-17,-30.800000000000125,-34.827200000000126,32771.722100000115,1110090.3221000007
2020-07-17,-88.40000000000003,-92.85640000000004,32771.722100000115,1110090.3221000007
2020-07-21,15.100000000000051,13.147300000000051,3437.287500000113,1128221.5875000001
2020-07-21,4.100000000000108,2.1283000000001078,3437.287500000113,1128221.5875000001
2020-07-21,14.000000000000057,12.016000000000057,3437.287500000113,1128221.5875000001
2020-07-21,10.899999999999892,8.938899999999892,3437.287500000113,1128221.5875000001
2020-07-21,6.700000000000017,5.132700000000018,3437.287500000113,1128221.5875000001
2020-07-21,-1.4999999999999147,-3.4904999999999147,3437.287500000113,1128221.5875000001
2020-07-24,6366.499999999999,6255.713499999999,3379.7910000001157,1121251.091
2020-07-24,0.9999999999999432,-1.1110000000000566,3379.7910000001157,1121251.091
2020-07-24,3.199999999999932,1.181199999999932,3379.7910000001157,1121251.091
2020-07-24,1.599999999999966,-0.4666000000000343,3379.7910000001157,1121251.091
2020-07-24,12.999999999999972,10.97299999999997,3379.7910000001157,1121251.091
2020-07-24,2.399999999999949,0.3525999999999492,3379.7910000001157,1121251.091
2020-07-24,1.5000000000000568,-0.5484999999999429,3379.7910000001157,1121251.091
2020-07-24,3.5999999999999943,1.4947999999999944,3379.7910000001157,1121251.091
2020-07-24,-4.60000000000008,-8.611000000000079,3379.7910000001157,1121251.091
2020-07-28,-13.499999999999943,-17.181099999999944,61869.63240000014,1123851.3324000002
2020-07-28,-85.0,-88.145,61869.63240000014,1123851.3324000002
2020-07-28,-26.799999999999784,-31.507199999999784,61869.63240000014,1123851.3324000002
2020-07-28,-150.0,-153.27,61869.63240000014,1123851.3324000002
2020-07-28,-95.99999999999994,-100.69599999999994,61869.63240000014,1123851.3324000002
2020-07-28,-225.2000000000001,-229.3548000000001,61869.63240000014,1123851.3324000002
2020-07-28,-103.69999999999976,-106.91029999999976,61869.63240000014,1123851.3324000002
2020-07-28,-147.00000000000003,-149.65300000000002,61869.63240000014,1123851.3324000002
2020-07-28,-130.0,-133.19,61869.63240000014,1123851.3324000002
2020-07-28,-14.199999999999875,-18.605799999999874,61869.63240000014,1123851.3324000002
2020-07-28,-54.39999999999998,-59.09399999999998,61869.63240000014,1123851.3324000002
2020-07-28,-134.00000000000006,-136.90400000000005,61869.63240000014,1123851.3324000002
2020-07-28,-2.9999999999999716,-5.516999999999972,61869.63240000014,1123851.3324000002
2020-07-28,-44.20000000000044,-48.79620000000044,61869.63240000014,1123851.3324000002
2020-07-28,-36.999999999999886,-41.48299999999989,61869.63240000014,1123851.3324000002
2020-07-28,4.300000000000068,2.224700000000068,61869.63240000014,1123851.3324000002
2020-07-28,-16.199999999999903,-18.329799999999903,61869.63240000014,1123851.3324000002
2020-07-28,-8.999999999999915,-11.032999999999914,61869.63240000014,1123851.3324000002
2020-07-28,-1.4000000000000057,-3.4786000000000055,61869.63240000014,1123851.3324000002
2020-07-28,1.0000000000000853,-1.061999999999915,61869.63240000014,1123851.3324000002
2020-07-28,-4.100000000000108,-6.163900000000108,61869.63240000014,1123851.3324000002
2020-07-28,32.69999999999996,30.55929999999996,61869.63240000014,1123851.3324000002
2020-07-28,-1.799999999999784,-3.922999999999784,61869.63240000014,1123851.3324000002
2020-07-28,-8.400000000000176,-10.445400000000177,61869.63240000014,1123851.3324000002
2020-07-28,1.8999999999999773,-0.10210000000002273,61869.63240000014,1123851.3324000002
2020-07-28,-9.30000000000021,-11.429300000000211,61869.63240000014,1123851.3324000002
2020-07-28,-9.500000000000028,-11.566500000000028,61869.63240000014,1123851.3324000002
2020-07-28,6.400000000000148,4.292400000000148,61869.63240000014,1123851.3324000002
2020-07-31,13341.599999999959,13064.057599999958,21610.19700000014,1134970.9970000002
2020-08-04,5120.599999999994,5002.722199999994,19692.07500000014,1135448.2750000004
2020-08-10,-221.9999999999999,-228.33559999999989,37240.99450000014,1145672.4945
2020-08-10,-42.40000000000009,-47.71760000000009,37240.99450000014,1145672.4945
2020-08-10,3622.7000000000007,3509.249100000001,37240.99450000014,1145672.4945
2020-08-10,-116.20000000000005,-122.63580000000005,37240.99450000014,1145672.4945
2020-08-10,95.99999999999966,90.30799999999965,37240.99450000014,1145672.4945
2020-08-10,-23.79999999999967,-28.61579999999967,37240.99450000014,1145672.4945
2020-08-10,2.7000000000001023,-3.6026999999998974,37240.99450000014,1145672.4945
2020-08-10,130.0,126.15,37240.99450000014,1145672.4945
2020-08-10,87.80000000000001,82.99900000000001,37240.99450000014,1145672.4945
2020-08-12,3.299999999999983,1.7066999999999828,23033.52520000014,1144073.1252000004
2020-08-13,4450.799999999997,4333.6619999999975,8058.8302000001395,1142904.1302000002
2020-08-17,-57.39999999999952,-73.40339999999952,7985.42680000014,1154265.0268000003
2020-08-19,-91.0000000000008,-106.7304000000008,7878.696400000139,1152216.3964000004
2020-08-21,7.69999999999996,-7.849100000000043,7870.847300000139,1146621.9473
2020-08-25,-158.89999999999972,-174.4210999999997,7696.426200000139,1147710.9262
2020-08-27,-132.00000000000017,-145.33200000000016,6746.490400000139,1141114.5904
2020-08-31,71.39999999999986,58.17539999999987,7610.858800000138,1150544.1588000003
2020-08-31,3.200000000000074,1.5892000000000739,7610.858800000138,1150544.1588000003
2020-09-02,45.0,31.797,1807.9269000001375,1152600.9269
2020-09-04,-0.20000000000010232,-2.4372000000001024,7624.365000000138,1147762.0650000002
2020-09-04,-2.5,-4.5466999999999995,7624.365000000138,1147762.0650000002
2020-09-04,0.1999999999999602,-1.80680000000004,7624.365000000138,1147762.0650000002
2020-09-04,-1.700000000000017,-3.690500000000017,7624.365000000138,1147762.0650000002
2020-09-04,1.8000000000000682,0.1862000000000683,7624.365000000138,1147762.0650000002
2020-09-04,-0.4999999999999716,-2.4894999999999716,7624.365000000138,1147762.0650000002
2020-09-04,-1.5000000000000568,-3.506300000000057,7624.365000000138,1147762.0650000002
2020-09-08,-27.00000000000017,-40.89300000000017,7583.472000000138,1147166.772
2020-09-10,-111.60000000000082,-125.27280000000081,7458.199200000137,1128365.8992000003
2020-11-05,-9925.000000000004,-10015.275000000003,40373.712100000135,1113935.9121000003
2020-11-27,-5.39999999999992,-6.865599999999921,12377.994100000129,1117559.9941000002
2020-12-09,14454.099999999982,14300.941299999982,18729.683000000132,1114477.583
2020-12-09,-3.299999999999983,-5.331899999999983,18729.683000000132,1114477.583
2020-12-09,-2.2000000000001307,-4.15140000000013,18729.683000000132,1114477.583
2020-12-09,0.10000000000005116,-1.913299999999949,18729.683000000132,1114477.583
2020-12-09,-2.399999999999949,-4.357399999999949,18729.683000000132,1114477.583
2020-12-09,-10.799999999999983,-12.820399999999983,18729.683000000132,1114477.583
2020-12-09,0.1999999999999602,-1.2412000000000396,18729.683000000132,1114477.583
2020-12-09,1.1999999999999034,-0.7998000000000967,18729.683000000132,1114477.583
2020-12-09,0.9000000000000341,-1.100899999999966,18729.683000000132,1114477.583
2020-12-09,2.9000000000000625,0.8829000000000624,18729.683000000132,1114477.583
2021-01-11,2116.300000000002,2064.777700000002,6277.958700000134,1044289.6587
2021-02-05,-39484.20000000001,-39871.08420000001,245047.61610000013,1008580.0161
2021-02-05,-7608.000000000007,-7672.147200000008,245047.61610000013,1008580.0161
2021-02-05,-16493.89999999999,-16637.69389999999,245047.61610000013,1008580.0161
2021-03-10,3488.000000000002,3385.597600000002,12896.67040000013,1048258.4704000003
2021-03-17,2451.999999999998,2351.0679999999984,11669.59390000013,1066325.8939000003
2021-03-17,4.699999999999989,3.2912999999999886,11669.59390000013,1066325.8939000003
2021-03-26,3542.2999999999975,3438.8816999999976,4546.023700000131,1070754.5237000003
2021-03-30,-5.700000000000074,-7.743300000000074,4505.40340000013,1063011.0034000003
2021-03-30,-8.199999999999932,-10.16839999999993,4505.40340000013,1063011.0034000003
2021-03-30,0.0,-2.02,4505.40340000013,1063011.0034000003
2021-03-30,0.0,-2.07,4505.40340000013,1063011.0034000003
2021-04-23,-1.700000000000017,-3.580700000000017,37233.55180000014,1079371.7518000004
2021-04-23,-1.9000000000001194,-3.951900000000119,37233.55180000014,1079371.7518000004
2021-04-23,21.100000000000136,18.440100000000136,37233.55180000014,1079371.7518000004
2021-04-23,23.599999999999852,20.65539999999985,37233.55180000014,1079371.7518000004
2021-04-23,-14.799999999999756,-17.244999999999756,37233.55180000014,1079371.7518000004
2021-04-23,0.799999999999983,-1.165800000000017,37233.55180000014,1079371.7518000004
2021-04-23,9.500000000000028,7.173500000000029,37233.55180000014,1079371.7518000004
2021-04-23,-0.799999999999983,-2.816799999999983,37233.55180000014,1079371.7518000004
2021-04-23,-1.8000000000000682,-3.874000000000068,37233.55180000014,1079371.7518000004
2021-04-23,3.400000000000034,0.893400000000034,37233.55180000014,1079371.7518000004
2021-04-23,-10.200000000000102,-12.765800000000102,37233.55180000014,1079371.7518000004
2021-04-23,-4.299999999999784,-6.352899999999784,37233.55180000014,1079371.7518000004
2021-04-23,-1.700000000000017,-3.8413000000000173,37233.55180000014,1079371.7518000004
2021-04-23,-2.399999999999949,-4.6687999999999485,37233.55180000014,1079371.7518000004
2021-04-30,7683.799999999999,7493.110999999999,974.033300000144,1080790.8333
2021-04-30,-6.800000000000068,-14.279600000000068,974.033300000144,1080790.8333
2021-05-06,-3.199999999999932,-7.264799999999932,21924.88720000015,1088063.9872000006
2021-05-06,-3.1000000000000227,-5.7331000000000225,21924.88720000015,1088063.9872000006
2021-05-06,-22.59999999999991,-25.41059999999991,21924.88720000015,1088063.9872000006
2021-05-06,47.80000000000001,42.87020000000001,21924.88720000015,1088063.9872000006
2021-05-06,12.00000000000017,8.094000000000172,21924.88720000015,1088063.9872000006
2021-05-06,-5.800000000000125,-10.442200000000126,21924.88720000015,1088063.9872000006
2021-05-06,3.7999999999999545,-0.21980000000004551,21924.88720000015,1088063.9872000006
2021-05-10,4.60000000000008,2.7234000000000798,1587.7911000001498,1098274.0911000003
2021-05-12,1.8999999999999773,0.016899999999977267,24150.32290000015,1106563.9229000004
2021-05-12,20282.49999999999,20125.05709999999,24150.32290000015,1106563.9229000004
2021-05-12,6.900000000000119,4.9739000000001194,24150.32290000015,1106563.9229000004
2021-05-12,12.199999999999989,10.276199999999989,24150.32290000015,1106563.9229000004
2021-05-12,8.500000000000085,6.927300000000085,24150.32290000015,1106563.9229000004
2021-05-14,1026.5000000000002,1003.0225000000003,2242.057000000146,1108395.7570000002
2021-05-18,-6.2000000000000455,-10.333800000000046,2231.7232000001463,1101796.3232000005
2021-05-20,1.8000000000000682,-2.3517999999999315,2229.371400000147,1106731.1714
2021-05-24,23.599999999999852,19.415599999999852,2248.787000000147,1111763.1870000006
2021-05-26,-1.2000000000000455,-5.378800000000045,2422.2082000001465,1119555.0082000003
2021-05-26,-2225.0,-2243.775,2422.2082000001465,1119555.0082000003
2021-05-28,-1.4000000000001478,-5.569400000000147,2416.6388000001466,1116939.3388000003
2021-06-01,-34.39999999999998,-38.64559999999997,2377.9932000001468,1117561.2932000004
2021-06-03,0.0,-4.2,2373.793200000147,1117682.3932000005
2021-06-07,0.0,-4.196000000000001,2369.597200000147,1118587.7972000001
2021-06-09,-5.600000000000023,-9.809600000000023,2359.7876000001474,1133433.6876
2021-06-11,66.20000000000005,61.93060000000005,2421.7182000001476,1147356.4182000002
2021-06-16,51.19999999999976,46.92719999999976,2468.6454000001477,1127130.7454000001
2021-06-18,-1.9999999999998863,-6.221999999999886,2462.4234000001475,1128331.7234
2021-06-22,26.7999999999995,22.5127999999995,2484.936200000147,1138359.3362000003
2021-06-24,12.199999999999989,7.883799999999988,21502.873300000145,1146627.2733
2021-06-24,17.19999999999999,12.854799999999988,21502.873300000145,1146627.2733
2021-06-24,190.0,185.81,21502.873300000145,1146627.2733
2021-06-24,23.499999999999943,20.498499999999943,21502.873300000145,1146627.2733
2021-06-24,22.10000000000008,19.14210000000008,21502.873300000145,1146627.2733
2021-06-24,23.09999999999988,20.57389999999988,21502.873300000145,1146627.2733
2021-07-01,-440.0,-460.04,899.306800000152,1154880.1068000002
2021-07-01,44.09999999999968,23.56409999999968,899.306800000152,1154880.1068000002
2021-07-02,-49.7999999999999,-52.8721999999999,61686.451200000156,1150623.7512000003
2021-07-02,-27.700000000000102,-30.294700000000102,61686.451200000156,1150623.7512000003
2021-07-02,0.30000000000001137,-1.7278999999999884,61686.451200000156,1150623.7512000003
2021-07-02,-17.900000000000205,-20.239900000000205,61686.451200000156,1150623.7512000003
2021-07-02,3.400000000000176,1.305400000000176,61686.451200000156,1150623.7512000003
2021-07-02,0.40000000000006253,-1.6845999999999375,61686.451200000156,1150623.7512000003
2021-07-02,0.9999999999999432,-1.389000000000057,61686.451200000156,1150623.7512000003
2021-07-02,-28.199999999999932,-30.968199999999932,61686.451200000156,1150623.7512000003
2021-07-02,4.899999999999807,2.8348999999998066,61686.451200000156,1150623.7512000003
2021-07-02,-6.999999999999886,-9.144999999999886,61686.451200000156,1150623.7512000003
2021-07-02,-43.49999999999994,-46.156499999999944,61686.451200000156,1150623.7512000003
2021-07-02,-39.89999999999995,-42.46009999999995,61686.451200000156,1150623.7512000003
2021-07-02,-8.699999999999903,-10.800899999999903,61686.451200000156,1150623.7512000003
2021-07-02,-17.60000000000005,-19.70740000000005,61686.451200000156,1150623.7512000003
2021-07-02,-0.10000000000019327,-3.3641000000001933,61686.451200000156,1150623.7512000003
2021-07-02,23.699999999999903,21.375499999999903,61686.451200000156,1150623.7512000003
2021-07-02,-15.999999999999943,-18.155999999999942,61686.451200000156,1150623.7512000003
2021-07-02,-20.999999999999943,-23.790999999999944,61686.451200000156,1150623.7512000003
2021-07-02,-1.600000000000108,-3.651400000000108,61686.451200000156,1150623.7512000003
2021-07-02,-1.0999999999999943,-3.2088999999999945,61686.451200000156,1150623.7512000003
2021-07-02,0.40000000000006253,-1.5631999999999375,61686.451200000156,1150623.7512000003
2021-07-02,4.60000000000008,2.26720000000008,61686.451200000156,1150623.7512000003
2021-07-02,-9.60000000000008,-11.68340000000008,61686.451200000156,1150623.7512000003
2021-07-02,1.2999999999999545,-1.1037000000000456,61686.451200000156,1150623.7512000003
2021-07-02,0.10000000000005116,-1.945099999999949,61686.451200000156,1150623.7512000003
2021-07-02,-18.999999999999915,-21.225199999999916,61686.451200000156,1150623.7512000003
2021-07-02,-91.09999999999985,-94.10909999999986,61686.451200000156,1150623.7512000003
2021-07-02,-10.200000000000102,-12.372200000000102,61686.451200000156,1150623.7512000003
2021-07-02,-3.0000000000001137,-5.050800000000113,61686.451200000156,1150623.7512000003
2021-07-02,-80.0,-83.2,61686.451200000156,1150623.7512000003
2021-07-02,4.5999999999999375,2.0953999999999375,61686.451200000156,1150623.7512000003
2021-07-02,-4.399999999999977,-6.715599999999977,61686.451200000156,1150623.7512000003
2021-07-02,16.80000000000021,14.536800000000209,61686.451200000156,1150623.7512000003
2021-07-02,-8.099999999999739,-10.14829999999974,61686.451200000156,1150623.7512000003
2021-07-07,5.400000000000205,-3.1163999999997944,1121.219300000123,1174605.7193000005
2021-07-07,-106.19999999999976,-115.27379999999977,1121.219300000123,1174605.7193000005
2021-07-07,52.5,44.7975,1121.219300000123,1174605.7193000005
2021-07-07,10.400000000000205,2.2816000000002035,1121.219300000123,1174605.7193000005
2021-07-07,-3.1999999999993634,-12.335199999999364,1121.219300000123,1174605.7193000005
2021-07-07,16.800000000000068,8.306400000000068,1121.219300000123,1174605.7193000005
2021-07-07,-15.0,-23.385,1121.219300000123,1174605.7193000005
2021-07-08,9177.1,8926.8223,36828.629000000146,1185248.0290000003
2021-07-08,0.9999999999999432,-3.1690000000000573,36828.629000000146,1185248.0290000003
2021-07-08,1.8000000000000682,-2.975799999999932,36828.629000000146,1185248.0290000003
2021-07-08,75.4000000000002,69.9634000000002,36828.629000000146,1185248.0290000003
2021-07-08,28.199999999999932,24.043799999999933,36828.629000000146,1185248.0290000003
2021-07-08,17.19999999999999,12.922799999999988,36828.629000000146,1185248.0290000003
2021-07-08,-69.80000000000018,-74.12580000000018,36828.629000000146,1185248.0290000003
2021-07-08,29.20000000000016,23.67080000000016,36828.629000000146,1185248.0290000003
2021-07-08,-1.2999999999999545,-6.556699999999955,36828.629000000146,1185248.0290000003
2021-07-08,38.40000000000032,32.88640000000032,36828.629000000146,1185248.0290000003
2021-07-08,13.199999999999932,9.003199999999932,36828.629000000146,1185248.0290000003
2021-07-08,3.400000000000034,-0.7673999999999657,36828.629000000146,1185248.0290000003
2021-07-08,11.699999999999875,8.408299999999874,36828.629000000146,1185248.0290000003
2021-07-08,36.999999999999886,32.21219999999988,36828.629000000146,1185248.0290000003
2021-07-08,23.599999999999852,19.331599999999852,36828.629000000146,1185248.0290000003
2021-07-08,-60.0,-63.95,36828.629000000146,1185248.0290000003
2021-07-08,51.80000000000007,46.572200000000066,36828.629000000146,1185248.0290000003
2021-07-08,-6.800000000000352,-10.890800000000352,36828.629000000146,1185248.0290000003
2021-07-08,2.0000000000001705,-2.2071999999998297,36828.629000000146,1185248.0290000003
2021-07-08,-0.9999999999999432,-4.932999999999943,36828.629000000146,1185248.0290000003
2021-07-08,8.199999999999932,3.491799999999932,36828.629000000146,1185248.0290000003
2021-07-08,150.60000000000002,146.46940000000004,36828.629000000146,1185248.0290000003
2021-07-08,-0.5999999999997385,-4.761799999999738,36828.629000000146,1185248.0290000003
2021-07-08,-6.799999999999926,-8.399199999999926,36828.629000000146,1185248.0290000003
2021-07-13,69.30000000000064,48.229300000000634,90184.72910000014,1201791.0291000002
2021-07-13,116.19999999999976,93.91619999999976,90184.72910000014,1201791.0291000002
2021-07-13,8.599999999999994,6.564799999999995,90184.72910000014,1201791.0291000002
2021-07-13,12.000000000000028,9.846000000000029,90184.72910000014,1201791.0291000002
2021-07-13,0.9000000000000341,-1.1478999999999657,90184.72910000014,1201791.0291000002
2021-07-13,30.0,27.798000000000002,90184.72910000014,1201791.0291000002
2021-07-13,5.0,2.795,90184.72910000014,1201791.0291000002
2021-07-13,4.80000000000004,2.7480000000000397,90184.72910000014,1201791.0291000002
2021-07-13,11.400000000000006,9.353400000000006,90184.72910000014,1201791.0291000002
2021-07-13,-2.9999999999999716,-5.112999999999971,90184.72910000014,1201791.0291000002
2021-07-13,5.300000000000011,3.1697000000000113,90184.72910000014,1201791.0291000002
2021-07-13,24.000000000000057,22.000000000000057,90184.72910000014,1201791.0291000002
2021-07-13,1.9000000000001194,-0.2240999999998805,90184.72910000014,1201791.0291000002
2021-07-13,45.99999999999994,43.76599999999994,90184.72910000014,1201791.0291000002
2021-07-13,-2.399999999999949,-4.607599999999949,90184.72910000014,1201791.0291000002
2021-07-13,7.199999999999989,5.177799999999989,90184.72910000014,1201791.0291000002
2021-07-13,24.000000000000057,21.790000000000056,90184.72910000014,1201791.0291000002
2021-07-13,9.399999999999977,7.3415999999999775,90184.72910000014,1201791.0291000002
2021-07-13,4.899999999999949,2.8292999999999484,90184.72910000014,1201791.0291000002
2021-07-13,22.10000000000008,20.07810000000008,90184.72910000014,1201791.0291000002
2021-07-13,21.700000000000017,19.596500000000017,90184.72910000014,1201791.0291000002
2021-07-13,0.0,-2.1,90184.72910000014,1201791.0291000002
2021-07-13,21.500000000000057,19.358900000000055,90184.72910000014,1201791.0291000002
2021-07-13,1.2999999999999545,-0.8103000000000455,90184.72910000014,1201791.0291000002
2021-07-13,6.2999999999999545,4.275299999999954,90184.72910000014,1201791.0291000002
2021-07-13,0.30000000000001137,-1.762699999999989,90184.72910000014,1201791.0291000002
2021-07-13,4.399999999999977,2.3793999999999773,90184.72910000014,1201791.0291000002
2021-07-13,9.000000000000057,6.8660000000000565,90184.72910000014,1201791.0291000002
2021-07-13,3.100000000000165,0.9197000000001649,90184.72910000014,1201791.0291000002
2021-07-13,0.6000000000000227,-1.5249999999999773,90184.72910000014,1201791.0291000002
2021-07-13,3.8000000000000966,1.749200000000097,90184.72910000014,1201791.0291000002
2021-07-13,21.500000000000057,19.321500000000057,90184.72910000014,1201791.0291000002
2021-07-13,16.099999999999994,13.979899999999994,90184.72910000014,1201791.0291000002
2021-07-13,3.900000000000148,1.6839000000001478,90184.72910000014,1201791.0291000002
2021-07-13,0.9999999999999432,-1.2434000000000571,90184.72910000014,1201791.0291000002
2021-07-15,3819.5999999999985,3702.0683999999987,438.0986000001284,1209296.3986
2021-07-16,185.69999999999993,176.97569999999993,87071.87810000016,1205496.9781000002
2021-07-16,-16.800000000000068,-24.965600000000066,87071.87810000016,1205496.9781000002
2021-07-16,16.800000000000068,7.456000000000067,87071.87810000016,1205496.9781000002
2021-07-16,42.800000000000296,34.14920000000029,87071.87810000016,1205496.9781000002
2021-07-16,48.99999999999977,40.53099999999977,87071.87810000016,1205496.9781000002
2021-07-16,-141.60000000000082,-151.4192000000008,87071.87810000016,1205496.9781000002
2021-07-16,165.0,156.555,87071.87810000016,1205496.9781000002
2021-07-16,-23.600000000000136,-32.16920000000014,87071.87810000016,1205496.9781000002
2021-07-16,-20.400000000000205,-29.051600000000207,87071.87810000016,1205496.9781000002
2021-07-16,-183.60000000000014,-192.30360000000013,87071.87810000016,1205496.9781000002
2021-07-16,-171.30000000000024,-179.52870000000024,87071.87810000016,1205496.9781000002
2021-07-16,-378.79999999999995,-386.79879999999997,87071.87810000016,1205496.9781000002
2021-07-20,6.000000000000227,-2.353999999999772,10596.007600000154,1207721.2076
2021-07-21,4465.300000000003,4352.4855000000025,392.867300000149,1209856.4673000004
2021-07-21,-44.000000000000625,-68.15820000000062,392.867300000149,1209856.4673000004
2021-07-21,-14.2999999999995,-36.598099999999505,392.867300000149,1209856.4673000004
2021-07-21,-18.999999999999773,-42.32099999999978,392.867300000149,1209856.4673000004
2021-07-21,-20.999999999999375,-42.80099999999938,392.867300000149,1209856.4673000004
2021-07-21,200.0,183.56,392.867300000149,1209856.4673000004
2021-07-21,8.000000000000114,-0.3519999999998866,392.867300000149,1209856.4673000004
2021-07-22,-19.19999999999959,-38.54879999999959,100127.03330000017,1211366.6333000003
2021-07-22,186.19999999999976,165.29379999999975,100127.03330000017,1211366.6333000003
2021-07-22,7.1999999999998465,-12.083400000000154,100127.03330000017,1211366.6333000003
2021-07-22,23.40000000000046,3.956400000000464,100127.03330000017,1211366.6333000003
2021-07-22,600.8000000000004,581.9592000000005,100127.03330000017,1211366.6333000003
2021-07-22,191.10000000000127,172.09990000000127,100127.03330000017,1211366.6333000003
2021-07-22,20.0,4.899999999999999,100127.03330000017,1211366.6333000003
2021-07-23,6798.700000000003,6672.406500000003,14974.68240000017,1223914.0824000002
2021-07-28,-3.5000000000000853,-5.535500000000085,39631.63070000017,1170494.3307
2021-07-28,-8.199999999999932,-10.581799999999932,39631.63070000017,1170494.3307
2021-07-28,-16.299999999999955,-18.453699999999955,39631.63070000017,1170494.3307
2021-07-28,-0.9999999999999432,-3.088999999999943,39631.63070000017,1170494.3307
2021-07-28,-12.000000000000028,-14.40200000000003,39631.63070000017,1170494.3307
2021-07-28,29.599999999999937,27.463599999999936,39631.63070000017,1170494.3307
2021-07-28,1.8999999999998352,-0.24210000000016496,39631.63070000017,1170494.3307
2021-07-28,-85.0,-87.821,39631.63070000017,1170494.3307
2021-07-28,-28.700000000000045,-31.327300000000044,39631.63070000017,1170494.3307
2021-07-28,-18.299999999999983,-20.458299999999983,39631.63070000017,1170494.3307
2021-07-28,-9.699999999999989,-11.759699999999988,39631.63070000017,1170494.3307
2021-07-28,-17.20000000000013,-19.74320000000013,39631.63070000017,1170494.3307
2021-07-28,-22.80000000000001,-25.08720000000001,39631.63070000017,1170494.3307
2021-07-28,-29.300000000000068,-32.451900000000066,39631.63070000017,1170494.3307
2021-07-28,-5.19999999999996,-7.25479999999996,39631.63070000017,1170494.3307
2021-08-03,7.89999999999992,5.850299999999921,44775.87440000019,1204136.0744
2021-08-03,15.300000000000011,12.944700000000012,44775.87440000019,1204136.0744
2021-08-03,-4.299999999999926,-6.492699999999926,44775.87440000019,1204136.0744
2021-08-03,0.0,-2.091,44775.87440000019,1204136.0744
2021-08-03,10.0,7.604,44775.87440000019,1204136.0744
2021-08-03,33.49999999999994,31.255899999999944,44775.87440000019,1204136.0744
2021-08-03,1.8999999999999773,-0.23990000000002265,44775.87440000019,1204136.0744
2021-08-03,26.899999999999835,24.339099999999835,44775.87440000019,1204136.0744
2021-08-03,7.100000000000222,4.953100000000221,44775.87440000019,1204136.0744
2021-08-03,2.2999999999998977,0.25309999999989774,44775.87440000019,1204136.0744
2021-08-03,110.69999999999993,108.01869999999994,44775.87440000019,1204136.0744
2021-08-03,-1.1999999999999034,-3.504999999999903,44775.87440000019,1204136.0744
2021-08-03,-0.10000000000005116,-2.167900000000051,44775.87440000019,1204136.0744
2021-08-03,1.8000000000000682,-0.3061999999999321,44775.87440000019,1204136.0744
2021-08-03,1.2000000000000455,-0.7781999999999545,44775.87440000019,1204136.0744
2021-08-03,19.899999999999807,17.569899999999805,44775.87440000019,1204136.0744
2021-08-03,6.499999999999773,4.384899999999773,44775.87440000019,1204136.0744
2021-08-03,0.09999999999990905,-2.275900000000091,44775.87440000019,1204136.0744
2021-08-03,11.800000000000068,10.218200000000069,44775.87440000019,1204136.0744
2021-08-05,5735.399999999996,5611.272599999996,17934.308300000182,1196245.1083
2021-08-16,1991.0999999999992,1938.2888999999993,29878.42710000018,1219077.3271000003
2021-08-16,78.00000000000011,55.58200000000011,29878.42710000018,1219077.3271000003
2021-08-16,14.40000000000012,12.77640000000012,29878.42710000018,1219077.3271000003
2021-08-19,-20.999999999999943,-25.408999999999942,343.19750000017353,1192673.2975000013
2021-08-19,0.20000000000010232,-3.9833999999998984,343.19750000017353,1192673.2975000013
2021-08-19,-4.899999999999949,-7.277099999999949,343.19750000017353,1192673.2975000013
2021-08-19,-67.19999999999999,-70.93279999999999,343.19750000017353,1192673.2975000013
2021-08-20,7.300000000000182,5.096500000000182,53638.349000000155,1179846.749
2021-08-20,0.0,-2.162,53638.349000000155,1179846.749
2021-08-20,-18.799999999999955,-21.050799999999953,53638.349000000155,1179846.749
2021-08-20,1.0999999999999943,-0.9561000000000055,53638.349000000155,1179846.749
2021-08-20,0.09999999999990905,-2.1981000000000908,53638.349000000155,1179846.749
2021-08-20,-1.4999999999999147,-3.654499999999915,53638.349000000155,1179846.749
2021-08-20,0.30000000000001137,-1.8376999999999888,53638.349000000155,1179846.749
2021-08-20,0.9999999999999432,-0.9882000000000568,53638.349000000155,1179846.749
2021-08-20,-6.2999999999999545,-8.456299999999954,53638.349000000155,1179846.749
2021-08-20,-0.40000000000020464,-2.453200000000205,53638.349000000155,1179846.749
2021-08-20,-0.9999999999999432,-3.2009999999999432,53638.349000000155,1179846.749
2021-08-20,4.299999999999926,2.156699999999926,53638.349000000155,1179846.749
2021-08-20,-10.699999999999932,-12.958899999999932,53638.349000000155,1179846.749
2021-08-20,0.0,-2.062,53638.349000000155,1179846.749
2021-08-20,-6.199999999999903,-8.463399999999904,53638.349000000155,1179846.749
2021-08-20,-2.0000000000000284,-4.126200000000028,53638.349000000155,1179846.749
2021-08-20,16.300000000000097,14.121100000000096,53638.349000000155,1179846.749
2021-08-20,-11.599999999999966,-13.784399999999966,53638.349000000155,1179846.749
2021-08-20,5.3000000000001535,3.0399000000001535,53638.349000000155,1179846.749
2021-08-20,2.400000000000091,0.11000000000009091,53638.349000000155,1179846.749
2021-08-20,23.500000000000085,21.770500000000084,53638.349000000155,1179846.749
2021-08-20,-2.30000000000004,-4.33870000000004,53638.349000000155,1179846.749
2021-08-20,-7.699999999999818,-9.938699999999818,53638.349000000155,1179846.749
2021-08-20,-0.09999999999990905,-2.159499999999909,53638.349000000155,1179846.749
2021-08-20,-0.9999999999999432,-3.0939999999999435,53638.349000000155,1179846.749
2021-08-20,-0.4999999999999716,-2.619499999999972,53638.349000000155,1179846.749
2021-08-20,7.299999999999898,5.167299999999898,53638.349000000155,1179846.749
2021-08-20,2.5,0.39749999999999996,53638.349000000155,1179846.749
2021-08-20,-9.000000000000057,-11.141000000000057,53638.349000000155,1179846.749
2021-08-23,-44469.89999999998,-44833.56989999998,42194.97910000015,1192318.6791000003
2021-08-25,7581.5,7359.0109,21690.08360000013,1205871.9836000004
2021-08-25,5525.399999999992,5329.546399999992,21690.08360000013,1205871.9836000004
2021-08-26,2215.999999999999,2151.717999999999,19499.196000000135,1202496.8960000004
2021-08-26,4245.500000000001,4099.526500000001,19499.196000000135,1202496.8960000004
2021-08-27,78536.39999999998,77602.92179999998,20461.39600000013,1205764.796
2021-09-01,2.400000000000091,-0.020599999999909357,66003.67490000014,1231667.0749000004
2021-09-01,8072.9,7980.999699999999,66003.67490000014,1231667.0749000004
2021-09-01,-5.19999999999996,-7.41079999999996,66003.67490000014,1231667.0749000004
2021-09-01,2.0999999999999375,-0.08390000000006248,66003.67490000014,1231667.0749000004
2021-09-01,-7.999999999999972,-10.34799999999997,66003.67490000014,1231667.0749000004
2021-09-01,4.400000000000119,2.3144000000001195,66003.67490000014,1231667.0749000004
2021-09-01,-6.400000000000006,-8.704400000000007,66003.67490000014,1231667.0749000004
2021-09-01,-1.0000000000000853,-3.263000000000085,66003.67490000014,1231667.0749000004
2021-09-01,1.5999999999998238,-0.5452000000001762,66003.67490000014,1231667.0749000004
2021-09-01,1.0000000000000853,-0.9947999999999149,66003.67490000014,1231667.0749000004
2021-09-01,15.099999999999909,12.716099999999908,66003.67490000014,1231667.0749000004
2021-09-01,0.7999999999998408,-1.4012000000001592,66003.67490000014,1231667.0749000004
2021-09-01,0.9999999999999432,-1.3950000000000569,66003.67490000014,1231667.0749000004
2021-09-01,0.0,-2.0526,66003.67490000014,1231667.0749000004
2021-09-01,-9.899999999999807,-12.329899999999807,66003.67490000014,1231667.0749000004
2021-09-01,26.800000000000068,24.527200000000068,66003.67490000014,1231667.0749000004
2021-09-01,-3.5999999999999943,-5.788799999999995,66003.67490000014,1231667.0749000004
2021-09-01,6.60000000000025,4.37360000000025,66003.67490000014,1231667.0749000004
2021-09-01,-13.599999999999994,-16.035799999999995,66003.67490000014,1231667.0749000004
2021-09-01,10.0,7.922,66003.67490000014,1231667.0749000004
2021-09-01,-3.300000000000267,-5.560300000000267,66003.67490000014,1231667.0749000004
2021-09-01,0.49999999999982947,-1.6583000000001702,66003.67490000014,1231667.0749000004
2021-09-01,11.700000000000017,9.422300000000018,66003.67490000014,1231667.0749000004
2021-09-01,10.0,7.79,66003.67490000014,1231667.0749000004
2021-09-01,21.700000000000017,19.385900000000017,66003.67490000014,1231667.0749000004
2021-09-01,7.0999999999999375,4.815499999999938,66003.67490000014,1231667.0749000004
2021-09-01,8.900000000000006,7.163700000000006,66003.67490000014,1231667.0749000004
2021-09-02,1727.700000000002,1687.546900000002,39008.94830000013,1246135.3483000002
2021-09-03,1995.500000000001,1946.1045000000008,3236.8553000001393,1248320.4553000003
2021-09-06,7686.299999999999,7570.613699999999,4331.384900000144,1259529.3849000004
2021-09-07,5.399999999999778,-0.6540000000002211,18900.061600000077,1267574.9616000003
2021-09-07,75.99999999999994,71.31599999999995,18900.061600000077,1267574.9616000003
2021-09-07,19.000000000000057,14.559000000000058,18900.061600000077,1267574.9616000003
2021-09-07,-60.0,-66.3,18900.061600000077,1267574.9616000003
2021-09-07,226.29999999999995,221.31769999999995,18900.061600000077,1267574.9616000003
2021-09-07,-10.999999999999659,-16.17299999999966,18900.061600000077,1267574.9616000003
2021-09-07,-10.999999999999943,-15.690999999999942,18900.061600000077,1267574.9616000003
2021-09-07,1.500000000000341,-4.844099999999658,18900.061600000077,1267574.9616000003
2021-09-07,3.5000000000002274,0.14250000000022744,18900.061600000077,1267574.9616000003
2021-09-07,48.600000000000136,42.811400000000134,18900.061600000077,1267574.9616000003
2021-09-07,26.400000000000148,21.77440000000015,18900.061600000077,1267574.9616000003
2021-09-07,20.199999999999818,14.220199999999817,18900.061600000077,1267574.9616000003
2021-09-07,17.800000000000296,13.097800000000296,18900.061600000077,1267574.9616000003
2021-09-07,0.20000000000010232,-4.135399999999898,18900.061600000077,1267574.9616000003
2021-09-07,10.799999999999983,4.748999999999983,18900.061600000077,1267574.9616000003
2021-09-07,23.199999999999932,18.336799999999933,18900.061600000077,1267574.9616000003
2021-09-07,-11.000000000000227,-15.545000000000227,18900.061600000077,1267574.9616000003
2021-09-07,-11.200000000000045,-16.132000000000048,18900.061600000077,1267574.9616000003
2021-09-07,-0.5999999999998806,-6.75959999999988,18900.061600000077,1267574.9616000003
2021-09-08,2245.4000000000015,2170.3606000000013,55212.17450000007,1280933.7744999998
2021-09-08,2103.6000000000013,2054.296400000001,55212.17450000007,1280933.7744999998
2021-09-10,6973.200000000002,6890.652400000002,59019.71820000007,1276547.1182000001
2021-09-13,12810.499999999996,12594.742699999997,33239.33400000007,1284348.7339999997
2021-09-15,3165.900000000002,3056.198300000002,14077.082000000055,1278638.1820000003
2021-09-15,3610.3999999999996,3538.0095999999994,14077.082000000055,1278638.1820000003
2021-09-22,-70.0,-76.75,55831.19170000006,1247595.2916999995
2021-09-22,-201.00000000000023,-207.80100000000022,55831.19170000006,1247595.2916999995
2021-09-22,-75.19999999999982,-82.23519999999982,55831.19170000006,1247595.2916999995
2021-09-22,-79.50000000000017,-86.07750000000017,55831.19170000006,1247595.2916999995
2021-09-22,-75.0,-81.855,55831.19170000006,1247595.2916999995
2021-09-22,-43.19999999999993,-50.55599999999993,55831.19170000006,1247595.2916999995
2021-09-22,-100.4000000000002,-108.79480000000021,55831.19170000006,1247595.2916999995
2021-09-22,906.2,897.2262000000001,55831.19170000006,1247595.2916999995
2021-09-22,-42.00000000000017,-48.83460000000017,55831.19170000006,1247595.2916999995
2021-09-22,41.100000000000136,34.54950000000014,55831.19170000006,1247595.2916999995
2021-09-22,349.50000000000017,341.1195000000002,55831.19170000006,1247595.2916999995
2021-09-22,86.10000000000056,78.56610000000056,55831.19170000006,1247595.2916999995
2021-09-22,-116.39999999999944,-123.41639999999944,55831.19170000006,1247595.2916999995
2021-09-22,-101.99999999999989,-110.25799999999988,55831.19170000006,1247595.2916999995
2021-09-22,-162.79999999999973,-169.55719999999974,55831.19170000006,1247595.2916999995
2021-09-22,21.999999999999886,13.821999999999885,55831.19170000006,1247595.2916999995
2021-09-22,-20.0,-27.58,55831.19170000006,1247595.2916999995
2021-09-22,-65.29999999999973,-71.07469999999972,55831.19170000006,1247595.2916999995
2021-09-22,-68.79999999999939,-77.27999999999939,55831.19170000006,1247595.2916999995
2021-09-23,36.80000000000064,28.524800000000635,22544.157200000067,1262694.2571999996
2021-09-27,1032.3,988.5535,16566.560100000064,1224398.0600999997
2021-09-27,14786.299999999996,14458.810899999995,16566.560100000064,1224398.0600999997
2021-09-30,-4164.499999999999,-4223.195499999999,74386.20130000006,1230609.0013
2021-09-30,-2736.9999999999995,-2762.1369999999997,74386.20130000006,1230609.0013
2021-09-30,72.00000000000003,69.47200000000002,74386.20130000006,1230609.0013
2021-09-30,-98.20000000000007,-100.52580000000007,74386.20130000006,1230609.0013
2021-09-30,8.999999999999915,6.926999999999914,74386.20130000006,1230609.0013
2021-09-30,21.699999999999875,19.495499999999875,74386.20130000006,1230609.0013
2021-09-30,-5.0,-7.665,74386.20130000006,1230609.0013
2021-09-30,-17.99999999999997,-20.381999999999973,74386.20130000006,1230609.0013
2021-09-30,7.199999999999989,5.046199999999988,74386.20130000006,1230609.0013
2021-09-30,2.9000000000000625,0.8771000000000626,74386.20130000006,1230609.0013
2021-09-30,-5.3000000000001535,-7.675100000000153,74386.20130000006,1230609.0013
2021-09-30,25.0,22.695,74386.20130000006,1230609.0013
2021-09-30,72.19999999999985,69.65199999999984,74386.20130000006,1230609.0013
2021-09-30,5.799999999999983,3.739799999999983,74386.20130000006,1230609.0013
2021-09-30,-165.70000000000093,-174.99370000000093,74386.20130000006,1230609.0013
2021-09-30,-108.70000000000076,-117.85750000000075,74386.20130000006,1230609.0013
2021-09-30,-39.400000000000404,-48.380800000000406,74386.20130000006,1230609.0013
2021-09-30,-117.39999999999952,-126.32739999999953,74386.20130000006,1230609.0013
2021-09-30,3.5999999999999943,1.4663999999999944,74386.20130000006,1230609.0013
2021-09-30,0.0,-2.1292,74386.20130000006,1230609.0013
2021-09-30,-0.5999999999998806,-2.7005999999998807,74386.20130000006,1230609.0013
2021-09-30,-7.0999999999999375,-9.292899999999937,74386.20130000006,1230609.0013
2021-09-30,-31.200000000000045,-33.468800000000044,74386.20130000006,1230609.0013
2021-09-30,9.000000000000057,6.841000000000057,74386.20130000006,1230609.0013
2021-09-30,-60.79999999999998,-63.269199999999984,74386.20130000006,1230609.0013
2021-09-30,2.8999999999999204,0.8430999999999202,74386.20130000006,1230609.0013
2021-09-30,15.0,12.675,74386.20130000006,1230609.0013
2021-09-30,10.799999999999983,8.702599999999983,74386.20130000006,1230609.0013
2021-09-30,11.299999999999955,9.215299999999955,74386.20130000006,1230609.0013
2021-09-30,-6.000000000000085,-8.282000000000085,74386.20130000006,1230609.0013
2021-09-30,14.300000000000068,12.05570000000007,74386.20130000006,1230609.0013
2021-09-30,-31.000000000000085,-33.585000000000086,74386.20130000006,1230609.0013
2021-09-30,-2.1000000000000796,-4.77790000000008,74386.20130000006,1230609.0013
2021-09-30,0.3999999999999204,-1.7482000000000797,74386.20130000006,1230609.0013
2021-09-30,-25.500000000000114,-28.115500000000115,74386.20130000006,1230609.0013
2021-09-30,13.599999999999852,11.268599999999852,74386.20130000006,1230609.0013
2021-09-30,5.0,2.895,74386.20130000006,1230609.0013
2021-09-30,0.0,-2.25,74386.20130000006,1230609.0013
2021-09-30,-14.899999999999949,-17.10509999999995,74386.20130000006,1230609.0013
2021-09-30,8.900000000000006,6.519100000000005,74386.20130000006,1230609.0013
2021-09-30,5.200000000000244,2.8250000000002444,74386.20130000006,1230609.0013
2021-10-14,-200.59999999999988,-211.46979999999988,12885.988100000057,1229102.3880999999
2021-10-19,9332.699999999988,9053.186099999988,2159.199100000056,1247304.4991
2021-10-20,153.99999999999977,148.50599999999977,6909.082800000056,1249113.0827999995
2021-10-20,32.800000000000296,28.384800000000297,6909.082800000056,1249113.0827999995
2021-10-21,-1.9999999999998863,-4.309999999999887,1545.4188000000552,1248432.0187999993
2021-10-22,42.30000000000018,39.17930000000018,4084.61720000006,1238321.6171999993
2021-10-22,1.599999999999966,-1.328000000000034,4084.61720000006,1238321.6171999993
2021-10-22,-5.900000000000034,-8.325900000000034,4084.61720000006,1238321.6171999993
2021-10-22,-3.7000000000000455,-5.896300000000045,4084.61720000006,1238321.6171999993
2021-10-22,-10.999999999999943,-15.232999999999944,4084.61720000006,1238321.6171999993
2021-10-22,0.5999999999998806,-1.4264000000001196,4084.61720000006,1238321.6171999993
2021-10-22,0.20000000000010232,-1.8571999999998976,4084.61720000006,1238321.6171999993
2021-10-22,4.000000000000057,1.9360000000000568,4084.61720000006,1238321.6171999993
2021-10-25,-6.2000000000000455,-8.466200000000047,1974.4514000000604,1243495.7513999995
2021-10-26,58.000000000000114,54.838000000000115,9065.601400000094,1245743.5014000004
2021-10-26,-14.799999999999898,-16.874799999999897,9065.601400000094,1245743.5014000004
2021-10-26,0.0,-2.1716,9065.601400000094,1245743.5014000004
2021-10-26,-7.89999999999992,-10.692099999999922,9065.601400000094,1245743.5014000004
2021-10-26,12.600000000000193,10.287600000000193,9065.601400000094,1245743.5014000004
2021-10-26,-0.20000000000010232,-2.3636000000001025,9065.601400000094,1245743.5014000004
2021-10-26,-10.59999999999988,-12.956399999999881,9065.601400000094,1245743.5014000004
2021-10-26,43.29999999999998,40.97369999999998,9065.601400000094,1245743.5014000004
2021-10-26,-1.700000000000017,-4.211700000000017,9065.601400000094,1245743.5014000004
2021-10-26,13.899999999999864,11.595899999999864,9065.601400000094,1245743.5014000004
2021-10-26,-2.5,-4.7355,9065.601400000094,1245743.5014000004
2021-10-26,-7.999999999999972,-10.305999999999973,9065.601400000094,1245743.5014000004
2021-10-26,-15.89999999999975,-18.21389999999975,9065.601400000094,1245743.5014000004
2021-10-26,-6.599999999999966,-8.893399999999966,9065.601400000094,1245743.5014000004
2021-10-26,2.0000000000000284,0.21300000000002828,9065.601400000094,1245743.5014000004
2021-10-26,7.199999999999989,5.157799999999988,9065.601400000094,1245743.5014000004
2021-10-26,3.199999999999932,1.1009999999999316,9065.601400000094,1245743.5014000004
2021-10-26,1.599999999999966,-0.4584000000000339,9065.601400000094,1245743.5014000004
2021-10-26,2.1999999999998465,0.1173999999998463,9065.601400000094,1245743.5014000004
2021-10-26,9.300000000000068,7.201100000000068,9065.601400000094,1245743.5014000004
2021-10-27,-17.900000000000063,-20.137900000000062,13645.882400000095,1236523.9824000003
2021-10-29,1123.900000000002,1077.1539000000018,92921.35550000005,1236848.6555
2021-10-29,-30.900000000000034,-33.09510000000003,92921.35550000005,1236848.6555
2021-10-29,-161.89999999999998,-164.79809999999998,92921.35550000005,1236848.6555
2021-10-29,49.099999999999966,46.10909999999997,92921.35550000005,1236848.6555
2021-10-29,-55.30000000000001,-57.66530000000001,92921.35550000005,1236848.6555
2021-10-29,-10.799999999999983,-12.984799999999982,92921.35550000005,1236848.6555
2021-10-29,4.099999999999824,1.9980999999998241,92921.35550000005,1236848.6555
2021-10-29,0.0,-2.0256,92921.35550000005,1236848.6555
2021-10-29,0.3000000000001535,-1.7574999999998466,92921.35550000005,1236848.6555
2021-10-29,5.300000000000011,3.1413000000000113,92921.35550000005,1236848.6555
2021-10-29,-0.09999999999990905,-2.166099999999909,92921.35550000005,1236848.6555
2021-10-29,5.200000000000102,3.0352000000001023,92921.35550000005,1236848.6555
2021-10-29,-169.60000000000008,-172.6098000000001,92921.35550000005,1236848.6555
2021-10-29,-66.09999999999985,-68.30609999999986,92921.35550000005,1236848.6555
2021-10-29,2.0000000000000284,-0.5429999999999717,92921.35550000005,1236848.6555
2021-10-29,-29.20000000000016,-31.50100000000016,92921.35550000005,1236848.6555
2021-10-29,-16.200000000000045,-19.283800000000046,92921.35550000005,1236848.6555
2021-10-29,11.199999999999903,8.964799999999904,92921.35550000005,1236848.6555
2021-10-29,82.19999999999999,78.47779999999999,92921.35550000005,1236848.6555
2021-10-29,-38.700000000000045,-42.27890000000004,92921.35550000005,1236848.6555
2021-10-29,-0.10000000000005116,-2.215500000000051,92921.35550000005,1236848.6555
2021-10-29,-40.09999999999991,-43.239899999999906,92921.35550000005,1236848.6555
2021-10-29,-10.700000000000074,-12.813100000000073,92921.35550000005,1236848.6555
2021-10-29,17.20000000000013,14.983200000000132,92921.35550000005,1236848.6555
2021-10-29,1.0000000000000853,-1.106999999999915,92921.35550000005,1236848.6555
2021-10-29,-16.299999999999955,-18.499699999999955,92921.35550000005,1236848.6555
2021-10-29,0.4999999999999716,-1.5805000000000282,92921.35550000005,1236848.6555
2021-10-29,-12.69999999999996,-14.86549999999996,92921.35550000005,1236848.6555
2021-10-29,-60.800000000000125,-63.36580000000013,92921.35550000005,1236848.6555
2021-10-29,31.999999999999886,29.629999999999885,92921.35550000005,1236848.6555
2021-10-29,-9.499999999999886,-11.600099999999888,92921.35550000005,1236848.6555
2021-10-29,-12.000000000000028,-14.268000000000029,92921.35550000005,1236848.6555
2021-10-29,-13.599999999999994,-15.805599999999995,92921.35550000005,1236848.6555
2021-10-29,-20.30000000000001,-22.810300000000012,92921.35550000005,1236848.6555
2021-10-29,-109.50000000000003,-112.06350000000003,92921.35550000005,1236848.6555
2021-10-29,0.1999999999999602,-1.9526000000000399,92921.35550000005,1236848.6555
2021-10-29,46.60000000000011,44.037400000000105,92921.35550000005,1236848.6555
2021-10-29,-11.600000000000108,-13.986200000000109,92921.35550000005,1236848.6555
2021-10-29,-18.100000000000023,-20.44190000000002,92921.35550000005,1236848.6555
2021-11-01,-21280.100000000017,-21467.284100000015,40417.58860000004,1247764.9886
