datetime,time,code,price,value,comm,signal
2016-09-28,2016-09-28 23:59:59.999989,000056.sz,12.62,4979852.0,4979.852,BUY
2016-09-28,2016-09-28 23:59:59.999989,000062.sz,24.0,5013600.0,5013.6,BUY
2016-10-12,2016-10-12 23:59:59.999989,000062.sz,25.5,952800.0,1012.35,SELL
2016-10-13,2016-10-13 23:59:59.999989,000062.sz,25.71,960000.0,1028.4,SELL
2016-10-14,2016-10-14 23:59:59.999989,000062.sz,25.53,957600.0,1018.647,SELL
2016-10-17,2016-10-17 23:59:59.999989,000062.sz,25.28,964800.0,1016.2560000000001,SELL
2016-10-19,2016-10-19 23:59:59.999989,000062.sz,25.6,957600.0,1021.44,SELL
2016-10-20,2016-10-20 23:59:59.999989,000062.sz,25.3,220800.0,232.76000000000002,SELL
2016-10-21,2016-10-21 23:59:59.999989,000062.sz,25.2,5087880.0,5087.88,BUY
2016-10-28,2016-10-28 23:59:59.999989,000062.sz,26.55,972720.0,1024.8300000000002,SELL
2016-11-02,2016-11-02 23:59:59.999989,000001.sz,9.14,5168670.0,5168.67,BUY
2016-11-02,2016-11-02 23:59:59.999989,000017.sz,11.46,5142102.0,5142.102,BUY
2016-11-02,2016-11-02 23:59:59.999989,000056.sz,12.87,4979852.0,5078.502,SELL
2016-11-02,2016-11-02 23:59:59.999989,000062.sz,26.17,4115160.0,4273.561000000001,SELL
2016-11-17,2016-11-17 23:59:59.999989,000017.sz,12.12,983268.0000000001,1039.896,SELL
2016-11-23,2016-11-23 23:59:59.999989,000017.sz,12.06,992436.0000000001,1044.3960000000002,SELL
2016-11-28,2016-11-28 23:59:59.999989,000001.sz,9.69,997174.0000000001,1057.179,SELL
2016-11-29,2016-11-29 23:59:59.999989,000001.sz,9.59,997174.0000000001,1046.269,SELL
2016-11-30,2016-11-30 23:59:59.999989,000001.sz,9.65,993518.0000000001,1048.9550000000002,SELL
2016-11-30,2016-11-30 23:59:59.999989,000017.sz,11.33,3166398.0000000005,3130.4790000000003,SELL
2016-11-30,2016-11-30 23:59:59.999989,000056.sz,12.52,5194548.0,5194.548000000001,BUY
2016-12-02,2016-12-02 23:59:59.999989,000001.sz,9.6,995346.0000000001,1045.44,SELL
2016-12-12,2016-12-12 23:59:59.999989,000001.sz,9.65,993518.0000000001,1048.9550000000002,SELL
2016-12-13,2016-12-13 23:59:59.999989,000001.sz,9.48,191940.0,199.08,SELL
2016-12-14,2016-12-14 23:59:59.999989,000001.sz,9.42,5194188.0,5194.188,BUY
2016-12-21,2016-12-21 23:59:59.999989,000001.sz,9.12,1033295.9999999999,1033.2959999999998,BUY
2016-12-26,2016-12-26 23:59:59.999989,000001.sz,9.06,1031934.0,1031.9340000000002,BUY
2016-12-28,2016-12-28 23:59:59.999989,000001.sz,9.08,7259418.000000002,7069.688,SELL
2016-12-28,2016-12-28 23:59:59.999989,000002.sz,21.24,5167692.0,5167.692,BUY
2016-12-28,2016-12-28 23:59:59.999989,000028.sz,67.49,5230475.0,5230.474999999999,BUY
2016-12-28,2016-12-28 23:59:59.999989,000056.sz,12.87,5194548.0,5339.763,SELL
2017-01-03,2017-01-03 23:59:59.999989,000002.sz,20.55,1029555.0,1029.555,BUY
2017-01-13,2017-01-13 23:59:59.999989,000002.sz,21.0,1064700.0,1064.7,BUY
2017-01-26,2017-01-26 23:59:59.999989,000028.sz,70.32,5230475.0,5449.799999999999,SELL
2017-01-26,2017-01-26 23:59:59.999989,000049.sz,41.98,5260094.0,5260.093999999999,BUY
2017-02-09,2017-02-09 23:59:59.999989,000049.sz,44.46,999123.9999999999,1058.1480000000001,SELL
2017-02-16,2017-02-16 23:59:59.999989,000049.sz,44.3,999123.9999999999,1054.34,SELL
2017-02-17,2017-02-17 23:59:59.999989,000049.sz,44.62,990727.9999999999,1053.032,SELL
2017-02-22,2017-02-22 23:59:59.999989,000049.sz,44.11,1011717.9999999999,1063.0510000000002,SELL
2017-02-24,2017-02-24 23:59:59.999989,000049.sz,44.48,994925.9999999999,1054.176,SELL
2017-02-27,2017-02-27 23:59:59.999989,000049.sz,44.72,264474.0,281.736,SELL
2017-02-28,2017-02-28 23:59:59.999989,000049.sz,44.75,5267075.0,5267.075,BUY
2017-03-02,2017-03-02 23:59:59.999989,000035.sz,7.66,5273910.0,5273.91,BUY
2017-03-02,2017-03-02 23:59:59.999989,000049.sz,45.0,5267075.0,5296.5,SELL
2017-03-03,2017-03-03 23:59:59.999989,000002.sz,20.34,1051578.0,1051.578,BUY
2017-03-06,2017-03-06 23:59:59.999989,000002.sz,20.25,1050975.0,1050.975,BUY
2017-03-07,2017-03-07 23:59:59.999989,000002.sz,20.24,1048431.9999999999,1048.432,BUY
2017-03-10,2017-03-10 23:59:59.999989,000035.sz,7.28,1041768.0,1041.768,BUY
2017-03-30,2017-03-30 23:59:59.999989,000002.sz,21.0,10412932.000000002,10489.5,SELL
2017-03-30,2017-03-30 23:59:59.999989,000017.sz,10.65,4616775.0,4616.775000000001,BUY
2017-03-30,2017-03-30 23:59:59.999989,000035.sz,7.83,6315678.0,6511.428,SELL
2017-03-30,2017-03-30 23:59:59.999989,000062.sz,26.18,4628624.0,4628.624,BUY
2017-03-31,2017-03-31 23:59:59.999989,000017.sz,10.2,1063860.0,1063.86,BUY
2017-04-13,2017-04-13 23:59:59.999989,000017.sz,10.95,1058385.3235403495,1097.19,SELL
2017-04-13,2017-04-13 23:59:59.999989,000062.sz,28.88,1028874.0,1134.9840000000002,SELL
2017-04-14,2017-04-14 23:59:59.999989,000062.sz,27.9,1036728.0,1104.84,SELL
2017-04-18,2017-04-18 23:59:59.999989,000017.sz,10.21,1087365.0,1087.365,BUY
2017-04-19,2017-04-19 23:59:59.999989,000017.sz,10.07,1077490.0,1077.49,BUY
2017-04-20,2017-04-20 23:59:59.999989,000017.sz,9.79,1069068.0,1069.068,BUY
2017-04-20,2017-04-20 23:59:59.999989,000062.sz,25.29,1062180.0,1062.18,BUY
2017-04-21,2017-04-21 23:59:59.999989,000017.sz,9.8,1069180.0,1069.18,BUY
2017-04-24,2017-04-24 23:59:59.999989,000017.sz,9.57,1043130.0,1043.13,BUY
2017-04-24,2017-04-24 23:59:59.999989,000062.sz,24.42,1052502.0,1052.5020000000002,BUY
2017-04-25,2017-04-25 23:59:59.999989,000017.sz,9.12,1020527.9999999999,1020.528,BUY
2017-04-25,2017-04-25 23:59:59.999989,000062.sz,23.0,1005100.0,1005.1,BUY
2017-04-26,2017-04-26 23:59:59.999989,000017.sz,9.04,1009767.9999999999,1009.7679999999999,BUY
2017-04-26,2017-04-26 23:59:59.999989,000062.sz,23.48,1021380.0,1021.38,BUY
2017-04-27,2017-04-27 23:59:59.999989,000017.sz,9.2,1023959.9999999999,1023.9599999999999,BUY
2017-04-27,2017-04-27 23:59:59.999989,000062.sz,23.4,1022579.9999999999,1022.58,BUY
2017-04-28,2017-04-28 23:59:59.999989,000017.sz,9.09,1018989.0,1018.989,BUY
2017-05-02,2017-05-02 23:59:59.999989,000062.sz,23.68,28416.0,28.416,BUY
2017-05-03,2017-05-03 23:59:59.999989,000017.sz,9.48,948.0,0.9480000000000001,BUY
2017-05-11,2017-05-11 23:59:59.999989,000062.sz,25.3,996778.1339257378,1024.65,SELL
2017-05-15,2017-05-15 23:59:59.999989,000062.sz,25.0,989394.5921929546,1005.0000000000001,SELL
2017-05-17,2017-05-17 23:59:59.999989,000062.sz,30.16,935248.6194858775,1146.08,SELL
2017-05-18,2017-05-18 23:59:59.999989,000062.sz,33.18,876180.2856236115,1181.208,SELL
2017-05-19,2017-05-19 23:59:59.999989,000062.sz,33.8,817111.9517613456,1122.16,SELL
2017-05-22,2017-05-22 23:59:59.999989,000062.sz,33.6,785116.6042526183,1071.8400000000001,SELL
2017-05-23,2017-05-23 23:59:59.999989,000017.sz,8.3,966950.0000000001,966.95,BUY
2017-05-23,2017-05-23 23:59:59.999989,000062.sz,31.41,844184.9381148842,1077.363,SELL
2017-05-24,2017-05-24 23:59:59.999989,000017.sz,7.7,1017170.0,1017.17,BUY
2017-05-24,2017-05-24 23:59:59.999989,000062.sz,31.32,790038.965407807,1005.3720000000001,SELL
2017-05-25,2017-05-25 23:59:59.999989,000017.sz,7.95,1041450.0,1041.45,BUY
2017-05-25,2017-05-25 23:59:59.999989,000062.sz,32.0,721125.9092351635,937.6,SELL
2017-05-26,2017-05-26 23:59:59.999989,000017.sz,7.97,1045664.0,1045.664,BUY
2017-05-26,2017-05-26 23:59:59.999989,000062.sz,32.8,5146320.0,5146.32,BUY
2017-06-01,2017-06-01 23:59:59.999989,000062.sz,31.05,5146320.0,4871.745,SELL
2017-06-02,2017-06-02 23:59:59.999989,000017.sz,7.8,1014000.0,1014.0,BUY
2017-06-05,2017-06-05 23:59:59.999989,000017.sz,8.05,1040060.0000000001,1040.06,BUY
2017-06-06,2017-06-06 23:59:59.999989,000017.sz,8.07,1043451.0,1043.451,BUY
2017-06-07,2017-06-07 23:59:59.999989,000017.sz,8.12,1046667.9999999999,1046.668,BUY
2017-06-12,2017-06-12 23:59:59.999989,000042.sz,17.82,1049598.0,1049.598,BUY
2017-06-13,2017-06-13 23:59:59.999989,000017.sz,8.73,3492.0,3.4920000000000004,BUY
2017-06-13,2017-06-13 23:59:59.999989,000042.sz,17.48,1049598.0,1029.572,SELL
2017-06-22,2017-06-22 23:59:59.999989,000042.sz,17.01,1022301.0000000001,1022.3010000000002,BUY
2017-06-23,2017-06-23 23:59:59.999989,000017.sz,8.5,5100.0,5.1,BUY
2017-06-23,2017-06-23 23:59:59.999989,000042.sz,17.12,1022301.0000000001,1028.912,SELL
2017-07-18,2017-07-18 23:59:59.999989,000017.sz,7.55,977725.0,977.725,BUY
2017-07-19,2017-07-19 23:59:59.999989,000017.sz,7.76,48888.0,48.888,BUY
2017-08-24,2017-08-24 23:59:59.999989,000017.sz,8.12,23293293.676459644,21034.859999999997,SELL
2017-08-25,2017-08-25 23:59:59.999989,000042.sz,16.54,5249796.0,5249.796,BUY
2017-08-25,2017-08-25 23:59:59.999989,000062.sz,25.64,5251072.0,5251.072,BUY
2017-08-31,2017-08-31 23:59:59.999989,000062.sz,27.16,1002524.0,1061.9560000000001,SELL
2017-09-01,2017-09-01 23:59:59.999989,000062.sz,27.75,989704.0,1071.15,SELL
2017-09-04,2017-09-04 23:59:59.999989,000062.sz,27.8,989704.0,1073.0800000000002,SELL
2017-09-05,2017-09-05 23:59:59.999989,000062.sz,27.58,1002524.0,1078.378,SELL
2017-09-06,2017-09-06 23:59:59.999989,000062.sz,28.3,974320.0,1075.4,SELL
2017-09-07,2017-09-07 23:59:59.999989,000062.sz,28.28,292296.0,322.392,SELL
2017-09-08,2017-09-08 23:59:59.999989,000062.sz,29.45,5663235.0,5663.235000000001,BUY
2017-09-11,2017-09-11 23:59:59.999989,000062.sz,28.0,1055600.0,1055.6000000000001,BUY
2017-09-12,2017-09-12 23:59:59.999989,000062.sz,27.57,1061445.0,1061.445,BUY
2017-09-13,2017-09-13 23:59:59.999989,000062.sz,27.29,1056123.0,1056.123,BUY
2017-09-14,2017-09-14 23:59:59.999989,000042.sz,17.4,1008940.0,1061.3999999999999,SELL
2017-09-14,2017-09-14 23:59:59.999989,000062.sz,27.42,1063896.0,1063.8960000000002,BUY
2017-09-15,2017-09-15 23:59:59.999989,000042.sz,17.37,1003978.0,1054.3590000000002,SELL
2017-09-15,2017-09-15 23:59:59.999989,000062.sz,26.9,1051790.0,1051.79,BUY
2017-09-18,2017-09-18 23:59:59.999989,000042.sz,17.4,1003978.0,1056.18,SELL
2017-09-18,2017-09-18 23:59:59.999989,000062.sz,27.0,1055700.0,1055.7,BUY
2017-09-19,2017-09-19 23:59:59.999989,000042.sz,17.36,1002324.0,1052.016,SELL
2017-09-19,2017-09-19 23:59:59.999989,000062.sz,27.02,1056482.0,1056.482,BUY
2017-09-20,2017-09-20 23:59:59.999989,000042.sz,17.5,1003978.0,1062.25,SELL
2017-09-20,2017-09-20 23:59:59.999989,000062.sz,27.27,1060803.0,1060.8029999999999,BUY
2017-09-21,2017-09-21 23:59:59.999989,000017.sz,7.98,5344206.0,5344.206000000001,BUY
2017-09-21,2017-09-21 23:59:59.999989,000062.sz,27.93,14125074.0,14026.446,SELL
2017-09-22,2017-09-22 23:59:59.999989,000028.sz,67.12,5362888.0,5362.888000000001,BUY
2017-09-22,2017-09-22 23:59:59.999989,000042.sz,17.27,226598.0,236.59900000000002,SELL
2017-09-29,2017-09-29 23:59:59.999989,000017.sz,7.7,1064910.0,1064.91,BUY
2017-10-12,2017-10-12 23:59:59.999989,000028.sz,70.7,1033648.0000000001,1088.78,SELL
2017-10-19,2017-10-19 23:59:59.999989,000017.sz,7.68,1078272.0,1078.272,BUY
2017-10-20,2017-10-20 23:59:59.999989,000017.sz,7.52,1071600.0,1071.6,BUY
2017-10-24,2017-10-24 23:59:59.999989,000028.sz,70.6,1026936.0000000001,1080.18,SELL
2017-10-25,2017-10-25 23:59:59.999989,000017.sz,7.55,1072100.0,1072.1,BUY
2017-10-25,2017-10-25 23:59:59.999989,000028.sz,70.48,1020224.0000000001,1071.296,SELL
2017-10-30,2017-10-30 23:59:59.999989,000017.sz,7.54,1071434.0,1071.434,BUY
2017-10-31,2017-10-31 23:59:59.999989,000017.sz,7.31,1054102.0,1054.102,BUY
2017-11-01,2017-11-01 23:59:59.999989,000017.sz,7.39,1059726.0,1059.7259999999999,BUY
2017-11-02,2017-11-02 23:59:59.999989,000017.sz,7.33,1053321.0,1053.3210000000001,BUY
2017-11-03,2017-11-03 23:59:59.999989,000017.sz,7.17,1036065.0,1036.065,BUY
2017-11-03,2017-11-03 23:59:59.999989,000028.sz,65.16,1029528.0,1029.528,BUY
2017-11-06,2017-11-06 23:59:59.999989,000017.sz,7.13,1023868.0,1023.8679999999999,BUY
2017-11-06,2017-11-06 23:59:59.999989,000028.sz,62.87,1031068.0,1031.0679999999998,BUY
2017-11-07,2017-11-07 23:59:59.999989,000017.sz,7.16,1038200.0,1038.2,BUY
2017-11-16,2017-11-16 23:59:59.999989,000017.sz,7.12,390888.0,390.888,BUY
2017-12-21,2017-12-21 23:59:59.999989,000028.sz,57.1,4342676.0,3780.0200000000004,SELL
2017-12-22,2017-12-22 23:59:59.999989,000017.sz,6.55,938615.0,938.615,BUY
2017-12-25,2017-12-25 23:59:59.999989,000017.sz,6.58,942914.0,942.9140000000001,BUY
2017-12-26,2017-12-26 23:59:59.999989,000017.sz,6.39,918243.0,918.243,BUY
2017-12-27,2017-12-27 23:59:59.999989,000017.sz,6.39,918882.0,918.8820000000001,BUY
2017-12-28,2017-12-28 23:59:59.999989,000017.sz,6.28,53380.0,53.38,BUY
2018-02-01,2018-02-01 23:59:59.999989,000017.sz,5.84,21130726.0,16801.096,SELL
2018-02-02,2018-02-02 23:59:59.999989,000017.sz,5.53,4158560.0,4158.56,BUY
2018-02-02,2018-02-02 23:59:59.999989,000049.sz,32.91,4169696.9999999995,4169.696999999999,BUY
2018-02-07,2018-02-07 23:59:59.999989,000017.sz,5.23,820587.0000000001,820.5870000000001,BUY
2018-02-07,2018-02-07 23:59:59.999989,000049.sz,32.29,833082.0,833.082,BUY
2018-02-08,2018-02-08 23:59:59.999989,000017.sz,5.19,808602.0000000001,808.6020000000001,BUY
2018-02-12,2018-02-12 23:59:59.999989,000017.sz,5.18,816886.0,816.8860000000001,BUY
2018-02-27,2018-02-27 23:59:59.999989,000049.sz,35.83,790603.1075409837,863.503,SELL
2018-02-28,2018-02-28 23:59:59.999989,000049.sz,34.83,800444.64,849.8520000000001,SELL
2018-03-01,2018-03-01 23:59:59.999989,000049.sz,34.99,797164.1291803279,850.2570000000001,SELL
2018-03-02,2018-03-02 23:59:59.999989,000049.sz,35.39,793883.6183606557,856.438,SELL
2018-03-05,2018-03-05 23:59:59.999989,000049.sz,35.45,797164.1291803279,861.4350000000001,SELL
2018-03-06,2018-03-06 23:59:59.999989,000049.sz,35.21,793883.6183606557,852.082,SELL
2018-03-07,2018-03-07 23:59:59.999989,000049.sz,36.4,229635.7573770492,254.79999999999998,SELL
2018-03-08,2018-03-08 23:59:59.999989,000017.sz,6.0,798024.0424574608,886.2,SELL
2018-03-08,2018-03-08 23:59:59.999989,000049.sz,35.6,4485600.0,4485.6,BUY
2018-03-09,2018-03-09 23:59:59.999989,000017.sz,6.16,774791.1150196336,883.344,SELL
2018-03-12,2018-03-12 23:59:59.999989,000017.sz,6.14,791540.4348003927,899.51,SELL
2018-03-13,2018-03-13 23:59:59.999989,000017.sz,6.16,800185.2450098167,912.2959999999999,SELL
2018-03-13,2018-03-13 23:59:59.999989,000049.sz,37.65,865080.0,914.895,SELL
2018-03-14,2018-03-14 23:59:59.999989,000017.sz,6.01,809910.6564954189,900.899,SELL
2018-03-15,2018-03-15 23:59:59.999989,000017.sz,5.89,826119.675638089,900.581,SELL
2018-03-16,2018-03-16 23:59:59.999989,000017.sz,5.89,819095.7673429319,892.9239999999999,SELL
2018-03-19,2018-03-19 23:59:59.999989,000017.sz,5.84,820176.36861911,886.5120000000001,SELL
2018-03-20,2018-03-20 23:59:59.999989,000017.sz,5.82,164791.6946171466,177.51000000000002,SELL
2018-03-21,2018-03-21 23:59:59.999989,000017.sz,5.94,4446684.0,4446.684,BUY
2018-03-23,2018-03-23 23:59:59.999989,000017.sz,5.81,4446684.0,4349.366,SELL
2018-03-23,2018-03-23 23:59:59.999989,000039.sz,17.0,4267000.0,4267.0,BUY
2018-03-23,2018-03-23 23:59:59.999989,000049.sz,33.2,859880.0000000001,859.8800000000001,BUY
2018-03-26,2018-03-26 23:59:59.999989,000039.sz,15.7,839950.0,839.9499999999999,BUY
2018-03-26,2018-03-26 23:59:59.999989,000049.sz,31.39,844391.0,844.3910000000001,BUY
2018-03-27,2018-03-27 23:59:59.999989,000039.sz,16.3,873680.0,873.6800000000001,BUY
2018-03-27,2018-03-27 23:59:59.999989,000049.sz,32.5,867750.0,867.75,BUY
2018-03-29,2018-03-29 23:59:59.999989,000049.sz,32.9,875140.0,875.14,BUY
2018-04-09,2018-04-09 23:59:59.999989,000039.sz,16.11,868329.0,868.329,BUY
2018-04-10,2018-04-10 23:59:59.999989,000049.sz,32.42,862372.0,862.3720000000001,BUY
2018-04-17,2018-04-17 23:59:59.999989,000039.sz,15.88,863872.0,863.8720000000001,BUY
2018-04-17,2018-04-17 23:59:59.999989,000049.sz,32.46,853698.0,853.6980000000001,BUY
2018-04-18,2018-04-18 23:59:59.999989,000039.sz,15.85,855900.0,855.9,BUY
2018-04-19,2018-04-19 23:59:59.999989,000039.sz,15.7,452160.0,452.15999999999997,BUY
2018-04-24,2018-04-24 23:59:59.999989,000049.sz,30.53,8783751.000000002,7959.171,SELL
2018-04-25,2018-04-25 23:59:59.999989,000002.sz,30.65,4110165.0,4110.165,BUY
2018-04-25,2018-04-25 23:59:59.999989,000039.sz,15.72,828444.0,828.4440000000001,BUY
2018-04-26,2018-04-26 23:59:59.999989,000039.sz,15.6,822120.0,822.12,BUY
2018-04-27,2018-04-27 23:59:59.999989,000002.sz,28.66,799614.0,799.614,BUY
2018-04-27,2018-04-27 23:59:59.999989,000039.sz,15.2,798000.0,798.0,BUY
2018-05-02,2018-05-02 23:59:59.999989,000002.sz,28.4,585040.0,585.04,BUY
2018-05-24,2018-05-24 23:59:59.999989,000039.sz,16.35,11469454.999999998,11561.085000000001,SELL
2018-05-25,2018-05-25 23:59:59.999989,000002.sz,26.68,821744.0,821.744,BUY
2018-05-25,2018-05-25 23:59:59.999989,000056.sz,9.9,4042170.0,4042.17,BUY
2018-05-28,2018-05-28 23:59:59.999989,000002.sz,26.39,818090.0,818.09,BUY
2018-05-29,2018-05-29 23:59:59.999989,000002.sz,26.3,815300.0,815.3000000000001,BUY
2018-05-30,2018-05-30 23:59:59.999989,000002.sz,25.21,794115.0,794.115,BUY
2018-05-31,2018-05-31 23:59:59.999989,000002.sz,24.77,795117.0,795.1170000000001,BUY
2018-06-01,2018-06-01 23:59:59.999989,000002.sz,25.39,802324.0,802.3240000000001,BUY
2018-06-04,2018-06-04 23:59:59.999989,000002.sz,26.3,823190.0,823.19,BUY
2018-06-11,2018-06-11 23:59:59.999989,000002.sz,26.74,823592.0,823.592,BUY
2018-06-22,2018-06-22 23:59:59.999989,000002.sz,27.5,11988291.0,11899.25,SELL
2018-06-22,2018-06-22 23:59:59.999989,000017.sz,4.56,1003655.9999999999,1003.6559999999998,BUY
2018-06-28,2018-06-28 23:59:59.999989,000056.sz,10.28,810810.0,841.932,SELL
2018-06-29,2018-06-29 23:59:59.999989,000056.sz,10.48,809820.0,857.264,SELL
2018-07-02,2018-07-02 23:59:59.999989,000056.sz,10.43,809820.0,853.174,SELL
2018-07-03,2018-07-03 23:59:59.999989,000056.sz,10.45,811800.0,856.9,SELL
2018-07-04,2018-07-04 23:59:59.999989,000056.sz,10.44,799920.0,843.5519999999999,SELL
2018-07-05,2018-07-05 23:59:59.999989,000056.sz,10.38,4278636.0,4278.636,BUY
2018-07-06,2018-07-06 23:59:59.999989,000017.sz,4.28,847868.0,847.868,BUY
2018-07-12,2018-07-12 23:59:59.999989,000017.sz,4.14,841247.9999999999,841.248,BUY
2018-07-17,2018-07-17 23:59:59.999989,000017.sz,4.09,847857.0,847.857,BUY
2018-07-18,2018-07-18 23:59:59.999989,000017.sz,3.61,808279.0,808.279,BUY
2018-07-19,2018-07-19 23:59:59.999989,000017.sz,3.66,825696.0,825.696,BUY
2018-07-20,2018-07-20 23:59:59.999989,000017.sz,3.49,819103.0,819.1030000000001,BUY
2018-07-20,2018-07-20 23:59:59.999989,000035.sz,4.46,3945316.0,3945.3160000000003,BUY
2018-07-20,2018-07-20 23:59:59.999989,000056.sz,10.25,4278636.0,4225.05,SELL
2018-07-23,2018-07-23 23:59:59.999989,000017.sz,3.54,828714.0,828.7139999999999,BUY
2018-07-24,2018-07-24 23:59:59.999989,000017.sz,3.55,824665.0,824.665,BUY
2018-07-25,2018-07-25 23:59:59.999989,000017.sz,3.65,841690.0,841.6899999999999,BUY
2018-07-27,2018-07-27 23:59:59.999989,000017.sz,4.84,807046.3992035838,1016.8839999999999,SELL
2018-07-30,2018-07-30 23:59:59.999989,000017.sz,4.6,768249.7850581474,919.9999999999999,SELL
2018-07-31,2018-07-31 23:59:59.999989,000017.sz,5.23,728300.7962351238,991.6080000000001,SELL
2018-08-01,2018-08-01 23:59:59.999989,000017.sz,4.59,765176.7859179148,914.3280000000001,SELL
2018-08-02,2018-08-02 23:59:59.999989,000017.sz,4.87,738288.0434408797,936.0140000000001,SELL
2018-08-03,2018-08-03 23:59:59.999989,000017.sz,4.68,774011.6584460835,943.02,SELL
2018-08-03,2018-08-03 23:59:59.999989,000035.sz,4.1,935209.9999999999,935.2099999999999,BUY
2018-08-06,2018-08-06 23:59:59.999989,000017.sz,4.47,794754.4026426536,924.843,SELL
2018-08-06,2018-08-06 23:59:59.999989,000035.sz,4.1,924549.9999999999,924.55,BUY
2018-08-07,2018-08-07 23:59:59.999989,000017.sz,4.4,809735.2734512874,927.5200000000001,SELL
2018-08-07,2018-08-07 23:59:59.999989,000035.sz,4.0,914800.0,914.8000000000001,BUY
2018-08-08,2018-08-08 23:59:59.999989,000017.sz,4.36,807814.648988642,916.9080000000001,SELL
2018-08-08,2018-08-08 23:59:59.999989,000035.sz,4.04,916676.0,916.676,BUY
2018-08-09,2018-08-09 23:59:59.999989,000017.sz,4.16,840465.2648536133,910.2080000000001,SELL
2018-08-09,2018-08-09 23:59:59.999989,000035.sz,4.02,910127.9999999999,910.1279999999999,BUY
2018-08-10,2018-08-10 23:59:59.999989,000017.sz,4.24,654932.9417620706,722.9200000000001,SELL
2018-08-13,2018-08-13 23:59:59.999989,000017.sz,4.17,4610352.0,4610.352000000001,BUY
2018-08-14,2018-08-14 23:59:59.999989,000035.sz,4.1,922499.9999999999,922.4999999999999,BUY
2018-08-17,2018-08-17 23:59:59.999989,000017.sz,4.28,4610352.0,4731.968000000001,SELL
2018-08-17,2018-08-17 23:59:59.999989,000039.sz,11.6,4631880.0,4631.88,BUY
2018-08-20,2018-08-20 23:59:59.999989,000035.sz,4.09,922704.0,922.704,BUY
2018-08-21,2018-08-21 23:59:59.999989,000035.sz,4.09,921886.0,921.886,BUY
2018-08-23,2018-08-23 23:59:59.999989,000035.sz,4.11,922695.0000000001,922.695,BUY
2018-08-23,2018-08-23 23:59:59.999989,000039.sz,11.12,910727.9999999999,910.728,BUY
2018-08-24,2018-08-24 23:59:59.999989,000039.sz,11.13,936033.0000000001,936.0330000000001,BUY
2018-08-27,2018-08-27 23:59:59.999989,000039.sz,10.89,72963.0,72.96300000000001,BUY
2018-09-12,2018-09-12 23:59:59.999989,000035.sz,4.5,889025.8749614817,954.9000000000001,SELL
2018-09-14,2018-09-14 23:59:59.999989,000002.sz,23.13,952956.0,952.956,BUY
2018-09-14,2018-09-14 23:59:59.999989,000039.sz,11.16,6551604.0,6383.52,SELL
2018-09-17,2018-09-17 23:59:59.999989,000002.sz,23.04,952956.0,949.248,SELL
2018-09-18,2018-09-18 23:59:59.999989,000002.sz,22.65,4953555.0,4953.555,BUY
2018-09-20,2018-09-20 23:59:59.999989,000002.sz,24.01,949034.9999999999,1006.019,SELL
2018-09-21,2018-09-21 23:59:59.999989,000002.sz,24.2,955829.9999999999,1021.24,SELL
2018-09-25,2018-09-25 23:59:59.999989,000035.sz,5.14,885255.2656897318,1086.0819999999999,SELL
2018-09-25,2018-09-25 23:59:59.999989,000002.sz,24.8,899205.0,984.5600000000001,SELL
2018-09-26,2018-09-26 23:59:59.999989,000002.sz,24.66,949034.9999999999,1033.254,SELL
2018-09-26,2018-09-26 23:59:59.999989,000035.sz,4.78,910811.6174204813,1039.172,SELL
2018-09-27,2018-09-27 23:59:59.999989,000002.sz,24.63,935444.9999999999,1017.219,SELL
2018-09-27,2018-09-27 23:59:59.999989,000035.sz,4.69,922542.401821481,1032.738,SELL
2018-09-28,2018-09-28 23:59:59.999989,000002.sz,24.5,265005.0,286.65000000000003,SELL
2018-09-28,2018-09-28 23:59:59.999989,000035.sz,4.64,915420.1398637311,1013.8399999999999,SELL
2018-10-08,2018-10-08 23:59:59.999989,000002.sz,22.95,4798845.0,4798.844999999999,BUY
2018-10-08,2018-10-08 23:59:59.999989,000035.sz,4.5,927569.8808504809,996.3000000000001,SELL
2018-10-09,2018-10-09 23:59:59.999989,000002.sz,22.05,998865.0,998.8650000000001,BUY
2018-10-09,2018-10-09 23:59:59.999989,000035.sz,4.51,927988.8374362309,998.9649999999999,SELL
2018-10-10,2018-10-10 23:59:59.999989,000002.sz,21.77,990535.0,990.535,BUY
2018-10-10,2018-10-10 23:59:59.999989,000035.sz,4.5,930921.5335364809,999.9000000000001,SELL
2018-10-11,2018-10-11 23:59:59.999989,000002.sz,21.0,966000.0,966.0,BUY
2018-10-11,2018-10-11 23:59:59.999989,000035.sz,4.41,909554.7476632312,957.4110000000001,SELL
2018-10-12,2018-10-12 23:59:59.999989,000002.sz,21.14,978782.0,978.7820000000002,BUY
2018-10-16,2018-10-16 23:59:59.999989,000002.sz,21.6,989280.0000000001,989.2800000000002,BUY
2018-10-17,2018-10-17 23:59:59.999989,000002.sz,21.35,986370.0000000001,986.3700000000001,BUY
2018-10-18,2018-10-18 23:59:59.999989,000002.sz,21.1,972710.0000000001,972.7100000000002,BUY
2018-10-19,2018-10-19 23:59:59.999989,000002.sz,20.61,948060.0,948.06,BUY
2018-10-22,2018-10-22 23:59:59.999989,000002.sz,21.88,12629447.0,12609.444000000001,SELL
2018-10-22,2018-10-22 23:59:59.999989,000035.sz,4.23,4017374.700756667,4056.1470000000004,SELL
2018-10-22,2018-10-22 23:59:59.999989,000049.sz,23.35,3194280.0,3194.2800000000007,BUY
2018-10-22,2018-10-22 23:59:59.999989,000056.sz,6.3,2865870.0,2865.8700000000003,BUY
2018-10-23,2018-10-23 23:59:59.999989,000049.sz,24.96,943340.0,1008.384,SELL
2018-10-24,2018-10-24 23:59:59.999989,000056.sz,5.98,998062.0000000001,998.0620000000001,BUY
2018-10-26,2018-10-26 23:59:59.999989,000049.sz,24.8,943340.0,1001.92,SELL
2018-10-26,2018-10-26 23:59:59.999989,000056.sz,6.03,998568.0,998.568,BUY
2018-10-30,2018-10-30 23:59:59.999989,000056.sz,5.7,967860.0,967.8600000000001,BUY
2018-10-31,2018-10-31 23:59:59.999989,000049.sz,25.51,898975.0,982.1350000000001,SELL
2018-10-31,2018-10-31 23:59:59.999989,000056.sz,5.76,987840.0,987.8399999999999,BUY
2018-11-01,2018-11-01 23:59:59.999989,000049.sz,27.07,408625.0,473.725,SELL
2018-11-01,2018-11-01 23:59:59.999989,000056.sz,5.75,987850.0,987.85,BUY
2018-11-02,2018-11-02 23:59:59.999989,000049.sz,28.31,5073152.0,5073.152,BUY
2018-11-08,2018-11-08 23:59:59.999989,000049.sz,29.98,954047.0,1010.3260000000001,SELL
2018-11-12,2018-11-12 23:59:59.999989,000056.sz,5.75,1001650.0,1001.6500000000001,BUY
2018-11-13,2018-11-13 23:59:59.999989,000049.sz,29.78,962540.0,1012.52,SELL
2018-11-14,2018-11-14 23:59:59.999989,000049.sz,30.16,965371.0,1028.4560000000001,SELL
2018-11-16,2018-11-16 23:59:59.999989,000049.sz,30.56,962540.0,1039.04,SELL
2018-11-19,2018-11-19 23:59:59.999989,000042.sz,12.48,5184192.0,5184.192000000001,BUY
2018-11-19,2018-11-19 23:59:59.999989,000049.sz,30.01,1228654.0,1302.434,SELL
2018-11-30,2018-11-30 23:59:59.999989,000042.sz,12.08,995392.0,995.392,BUY
2018-11-30,2018-11-30 23:59:59.999989,000056.sz,5.73,988998.0000000001,988.998,BUY
2018-12-03,2018-12-03 23:59:59.999989,000042.sz,11.9,987700.0,987.7,BUY
2018-12-03,2018-12-03 23:59:59.999989,000056.sz,5.75,996475.0,996.475,BUY
2018-12-06,2018-12-06 23:59:59.999989,000056.sz,5.68,989456.0,989.456,BUY
2018-12-07,2018-12-07 23:59:59.999989,000056.sz,5.6,982799.9999999999,982.8,BUY
2018-12-24,2018-12-24 23:59:59.999989,000042.sz,11.52,450432.0,450.432,BUY
2018-12-25,2018-12-25 23:59:59.999989,000042.sz,11.66,3498.0,3.4979999999999998,BUY
2018-12-26,2018-12-26 23:59:59.999989,000056.sz,5.0,1000.0,1.0,BUY
2018-12-28,2018-12-28 23:59:59.999989,000056.sz,4.7,12766429.0,10201.35,SELL
2019-01-02,2019-01-02 23:59:59.999989,000042.sz,11.16,852624.0,852.624,BUY
2019-01-02,2019-01-02 23:59:59.999989,000056.sz,4.75,4305400.0,4305.4,BUY
2019-01-03,2019-01-03 23:59:59.999989,000042.sz,10.93,867842.0,867.842,BUY
2019-01-03,2019-01-03 23:59:59.999989,000056.sz,5.23,792300.0,872.3640000000001,SELL
2019-01-04,2019-01-04 23:59:59.999989,000042.sz,10.7,850650.0,850.65,BUY
2019-01-04,2019-01-04 23:59:59.999989,000056.sz,4.91,805600.0,832.736,SELL
2019-01-07,2019-01-07 23:59:59.999989,000042.sz,11.0,864600.0,864.6000000000001,BUY
2019-01-07,2019-01-07 23:59:59.999989,000056.sz,5.07,813200.0,867.9840000000002,SELL
2019-01-08,2019-01-08 23:59:59.999989,000042.sz,11.46,885858.0000000001,885.8580000000001,BUY
2019-01-08,2019-01-08 23:59:59.999989,000056.sz,5.07,831250.0,887.25,SELL
2019-01-09,2019-01-09 23:59:59.999989,000042.sz,11.37,882311.9999999999,882.312,BUY
2019-01-09,2019-01-09 23:59:59.999989,000056.sz,5.04,829350.0,879.9839999999999,SELL
2019-01-10,2019-01-10 23:59:59.999989,000056.sz,4.82,233700.0,237.14400000000003,SELL
2019-01-11,2019-01-11 23:59:59.999989,000042.sz,11.31,877656.0,877.6560000000002,BUY
2019-01-14,2019-01-14 23:59:59.999989,000042.sz,11.35,879625.0,879.625,BUY
2019-01-15,2019-01-15 23:59:59.999989,000042.sz,11.17,867909.0,867.909,BUY
2019-01-16,2019-01-16 23:59:59.999989,000042.sz,11.33,880341.0,880.341,BUY
2019-01-23,2019-01-23 23:59:59.999989,000042.sz,11.31,877656.0,877.6560000000002,BUY
2019-02-21,2019-02-21 23:59:59.999989,000042.sz,12.19,900548.767923634,942.2869999999999,SELL
2019-02-21,2019-02-21 23:59:59.999989,000056.sz,5.14,857352.0,857.352,BUY
2019-02-22,2019-02-22 23:59:59.999989,000056.sz,5.24,857352.0,874.032,SELL
2019-02-26,2019-02-26 23:59:59.999989,000042.sz,12.59,899383.7630492179,971.948,SELL
2019-02-26,2019-02-26 23:59:59.999989,000056.sz,5.73,1829589.0000000002,1829.5890000000002,BUY
2019-02-27,2019-02-27 23:59:59.999989,000042.sz,12.45,897053.7533003858,958.65,SELL
2019-02-27,2019-02-27 23:59:59.999989,000056.sz,5.52,951647.9999999999,951.6479999999999,BUY
2019-02-28,2019-02-28 23:59:59.999989,000042.sz,12.45,894723.7435515536,956.1599999999999,SELL
2019-02-28,2019-02-28 23:59:59.999989,000056.sz,5.46,958776.0,958.776,BUY
2019-03-01,2019-03-01 23:59:59.999989,000042.sz,12.62,893558.7386771375,967.954,SELL
2019-03-04,2019-03-04 23:59:59.999989,000042.sz,12.62,893558.7386771375,967.954,SELL
2019-03-05,2019-03-05 23:59:59.999989,000042.sz,12.7,890063.7240538893,970.28,SELL
2019-03-06,2019-03-06 23:59:59.999989,000042.sz,13.27,885403.7045562249,1008.52,SELL
2019-03-07,2019-03-07 23:59:59.999989,000042.sz,13.64,879578.6801841444,1029.82,SELL
2019-03-08,2019-03-08 23:59:59.999989,000042.sz,13.35,890063.7240538893,1019.94,SELL
2019-03-08,2019-03-08 23:59:59.999989,000056.sz,6.0,943830.6446875468,1010.4000000000001,SELL
2019-03-11,2019-03-11 23:59:59.999989,000042.sz,12.55,909868.8069189626,980.1550000000002,SELL
2019-03-12,2019-03-12 23:59:59.999989,000042.sz,12.83,901713.7727980501,993.042,SELL
2019-03-13,2019-03-13 23:59:59.999989,000042.sz,12.94,902878.7776724661,1002.8499999999999,SELL
2019-03-13,2019-03-13 23:59:59.999989,000056.sz,6.15,942709.7056796043,1034.43,SELL
2019-03-14,2019-03-14 23:59:59.999989,000042.sz,12.8,909868.8069189626,999.6800000000002,SELL
2019-03-14,2019-03-14 23:59:59.999989,000056.sz,6.3,868727.7311554023,976.5,SELL
2019-03-15,2019-03-15 23:59:59.999989,000042.sz,12.55,926178.8751607878,997.725,SELL
2019-03-15,2019-03-15 23:59:59.999989,000056.sz,6.08,924214.2120485539,1002.5920000000001,SELL
2019-03-18,2019-03-18 23:59:59.999989,000042.sz,12.79,913363.821542211,1002.736,SELL
2019-03-18,2019-03-18 23:59:59.999989,000056.sz,6.43,60530.70642889255,69.444,SELL
2019-03-19,2019-03-19 23:59:59.999989,000042.sz,13.05,899383.7630492179,1007.46,SELL
2019-03-19,2019-03-19 23:59:59.999989,000056.sz,6.48,5055048.0,5055.048000000001,BUY
2019-03-20,2019-03-20 23:59:59.999989,000017.sz,5.43,5084652.0,5084.652,BUY
2019-03-20,2019-03-20 23:59:59.999989,000035.sz,5.57,5074827.0,5074.827,BUY
2019-03-20,2019-03-20 23:59:59.999989,000042.sz,13.19,1921093.0379121248,2175.031,SELL
2019-03-20,2019-03-20 23:59:59.999989,000056.sz,6.58,5055048.0,5133.058,SELL
2019-03-26,2019-03-26 23:59:59.999989,000017.sz,5.81,939390.0,1005.1299999999999,SELL
2019-03-26,2019-03-26 23:59:59.999989,000035.sz,5.37,1024059.0,1024.0590000000002,BUY
2019-03-27,2019-03-27 23:59:59.999989,000035.sz,5.2,997880.0,997.8800000000001,BUY
2019-03-28,2019-03-28 23:59:59.999989,000035.sz,5.22,992322.0,992.3219999999999,BUY
2019-03-29,2019-03-29 23:59:59.999989,000017.sz,5.25,981750.0,981.75,BUY
2019-03-29,2019-03-29 23:59:59.999989,000035.sz,5.12,983552.0,983.552,BUY
2019-04-01,2019-04-01 23:59:59.999989,000035.sz,5.24,1001364.0,1001.364,BUY
2019-04-12,2019-04-12 23:59:59.999989,000035.sz,5.17,996259.0,996.2590000000001,BUY
2019-04-16,2019-04-16 23:59:59.999989,000035.sz,5.14,983795.9999999999,983.7959999999999,BUY
2019-04-18,2019-04-18 23:59:59.999989,000017.sz,5.4,5127012.0,5132.16,SELL
2019-04-18,2019-04-18 23:59:59.999989,000042.sz,12.44,3073924.0,3073.924,BUY
2019-04-23,2019-04-23 23:59:59.999989,000042.sz,12.02,1018094.0,1018.094,BUY
2019-04-26,2019-04-26 23:59:59.999989,000042.sz,11.63,996691.0000000001,996.6910000000001,BUY
2019-04-29,2019-04-29 23:59:59.999989,000035.sz,5.21,981564.0,981.5640000000001,BUY
2019-04-29,2019-04-29 23:59:59.999989,000042.sz,11.34,974106.0,974.1060000000001,BUY
2019-04-30,2019-04-30 23:59:59.999989,000035.sz,5.14,963235.9999999999,963.236,BUY
2019-05-06,2019-05-06 23:59:59.999989,000035.sz,5.02,191763.99999999997,191.764,BUY
2019-05-07,2019-05-07 23:59:59.999989,000035.sz,4.82,3856.0,3.8560000000000003,BUY
2019-05-21,2019-05-21 23:59:59.999989,000035.sz,4.33,14194479.0,11543.347,SELL
2019-05-21,2019-05-21 23:59:59.999989,000042.sz,10.28,6062815.0,5174.952,SELL
2019-05-22,2019-05-22 23:59:59.999989,000049.sz,26.18,4170474.0,4170.474,BUY
2019-05-22,2019-05-22 23:59:59.999989,000062.sz,15.0,4134000.0,4134.0,BUY
2019-05-24,2019-05-24 23:59:59.999989,000062.sz,13.91,802607.0,802.6070000000001,BUY
2019-05-27,2019-05-27 23:59:59.999989,000062.sz,13.84,816560.0,816.56,BUY
2019-06-04,2019-06-04 23:59:59.999989,000049.sz,25.59,829116.0,829.116,BUY
2019-06-05,2019-06-05 23:59:59.999989,000049.sz,25.25,823150.0,823.1500000000001,BUY
2019-06-06,2019-06-06 23:59:59.999989,000049.sz,24.63,812790.0,812.79,BUY
2019-06-10,2019-06-10 23:59:59.999989,000049.sz,23.77,808180.0,808.18,BUY
2019-06-11,2019-06-11 23:59:59.999989,000049.sz,23.62,800718.0,800.718,BUY
2019-06-13,2019-06-13 23:59:59.999989,000049.sz,24.51,825987.0,825.9870000000001,BUY
2019-06-17,2019-06-17 23:59:59.999989,000049.sz,24.2,793760.0,793.7599999999999,BUY
2019-06-17,2019-06-17 23:59:59.999989,000062.sz,13.61,794824.0,794.824,BUY
2019-06-19,2019-06-19 23:59:59.999989,000049.sz,24.5,9864175.0,9596.65,SELL
2019-06-19,2019-06-19 23:59:59.999989,000056.sz,4.28,276916.0,276.91600000000005,BUY
2019-06-19,2019-06-19 23:59:59.999989,000062.sz,13.95,279000.0,279.0,BUY
2019-06-20,2019-06-20 23:59:59.999989,000056.sz,4.32,276916.0,279.504,SELL
2019-06-20,2019-06-20 23:59:59.999989,000062.sz,13.46,790102.0,790.1020000000001,BUY
2019-06-21,2019-06-21 23:59:59.999989,000056.sz,4.4,4034800.0000000005,4034.8,BUY
2019-06-21,2019-06-21 23:59:59.999989,000062.sz,13.72,801248.0,801.248,BUY
2019-06-24,2019-06-24 23:59:59.999989,000062.sz,13.78,804752.0,804.752,BUY
2019-06-25,2019-06-25 23:59:59.999989,000062.sz,13.68,805752.0,805.752,BUY
2019-06-26,2019-06-26 23:59:59.999989,000062.sz,13.41,791190.0,791.19,BUY
2019-06-27,2019-06-27 23:59:59.999989,000062.sz,13.31,786621.0,786.6210000000001,BUY
2019-06-28,2019-06-28 23:59:59.999989,000062.sz,13.41,754983.0,754.9830000000001,BUY
2019-07-01,2019-07-01 23:59:59.999989,000062.sz,13.59,4077.0,4.077,BUY
2019-08-07,2019-08-07 23:59:59.999989,000056.sz,3.5,4034800.0000000005,3209.5,SELL
2019-08-22,2019-08-22 23:59:59.999989,000062.sz,14.78,770221.9104341896,809.9440000000001,SELL
2019-08-23,2019-08-23 23:59:59.999989,000062.sz,14.8,767410.8815639918,808.08,SELL
2019-08-26,2019-08-26 23:59:59.999989,000056.sz,5.08,3909568.0,3909.568,BUY
2019-08-27,2019-08-27 23:59:59.999989,000056.sz,5.34,720852.0,757.746,SELL
2019-08-28,2019-08-28 23:59:59.999989,000056.sz,5.49,733552.0,792.7560000000001,SELL
2019-08-30,2019-08-30 23:59:59.999989,000056.sz,6.02,714756.0,847.014,SELL
2019-09-02,2019-09-02 23:59:59.999989,000056.sz,5.31,706120.0,738.0899999999999,SELL
2019-09-02,2019-09-02 23:59:59.999989,000062.sz,13.65,787605.0,787.605,BUY
2019-09-03,2019-09-03 23:59:59.999989,000056.sz,6.66,656336.0,860.472,SELL
2019-09-04,2019-09-04 23:59:59.999989,000056.sz,5.78,377952.0,430.03200000000004,SELL
2019-09-05,2019-09-05 23:59:59.999989,000056.sz,5.82,4058868.0,4058.868,BUY
2019-09-09,2019-09-09 23:59:59.999989,000062.sz,15.0,788312.6159759717,843.0,SELL
2019-09-10,2019-09-10 23:59:59.999989,000056.sz,5.59,842972.0,842.9720000000001,BUY
2019-09-10,2019-09-10 23:59:59.999989,000062.sz,15.0,784104.5415134665,838.5,SELL
2019-09-11,2019-09-11 23:59:59.999989,000056.sz,5.52,4901840.0,4682.064,SELL
2019-09-11,2019-09-11 23:59:59.999989,000062.sz,14.95,10043271.050512379,10704.199999999999,SELL
2019-09-12,2019-09-12 23:59:59.999989,000039.sz,10.19,4192166.0,4192.166,BUY
2019-09-12,2019-09-12 23:59:59.999989,000042.sz,9.64,4171228.0000000005,4171.228,BUY
2019-09-24,2019-09-24 23:59:59.999989,000039.sz,9.86,821338.0,821.338,BUY
2019-09-26,2019-09-26 23:59:59.999989,000039.sz,9.73,813428.0,813.4280000000001,BUY
2019-09-26,2019-09-26 23:59:59.999989,000042.sz,9.19,816072.0,816.0719999999999,BUY
2019-09-27,2019-09-27 23:59:59.999989,000039.sz,9.7,807039.9999999999,807.04,BUY
2019-09-27,2019-09-27 23:59:59.999989,000042.sz,9.04,809983.9999999999,809.984,BUY
2019-10-15,2019-10-15 23:59:59.999989,000042.sz,9.9,816799.4639175257,852.3900000000001,SELL
2019-10-17,2019-10-17 23:59:59.999989,000002.sz,27.2,4224160.0,4224.16,BUY
2019-10-17,2019-10-17 23:59:59.999989,000042.sz,9.85,4980484.536082474,5171.25,SELL
2019-10-30,2019-10-30 23:59:59.999989,000039.sz,9.65,825075.0,825.075,BUY
2019-11-12,2019-11-12 23:59:59.999989,000002.sz,26.32,815920.0,815.92,BUY
2019-11-12,2019-11-12 23:59:59.999989,000039.sz,9.47,817261.0,817.2610000000001,BUY
2019-11-13,2019-11-13 23:59:59.999989,000039.sz,9.54,821393.9999999999,821.394,BUY
2019-11-14,2019-11-14 23:59:59.999989,000002.sz,26.23,815753.0,815.753,BUY
2019-11-14,2019-11-14 23:59:59.999989,000039.sz,9.45,9097702.0,8688.33,SELL
2019-11-14,2019-11-14 23:59:59.999989,000049.sz,36.05,2750615.0,2750.615,BUY
2019-11-26,2019-11-26 23:59:59.999989,000002.sz,28.65,786524.0275988961,836.5799999999999,SELL
2019-11-27,2019-11-27 23:59:59.999989,000002.sz,28.29,794604.7539098436,834.555,SELL
2019-12-05,2019-12-05 23:59:59.999989,000049.sz,38.74,785889.9999999999,844.532,SELL
2019-12-06,2019-12-06 23:59:59.999989,000049.sz,39.42,771469.9999999999,843.5880000000001,SELL
2019-12-09,2019-12-09 23:59:59.999989,000049.sz,40.07,767864.9999999999,853.491,SELL
2019-12-10,2019-12-10 23:59:59.999989,000049.sz,39.51,425389.99999999994,466.218,SELL
2019-12-11,2019-12-11 23:59:59.999989,000049.sz,40.66,4224574.0,4224.574,BUY
2019-12-12,2019-12-12 23:59:59.999989,000002.sz,28.02,4274704.218491261,4446.774,SELL
2019-12-12,2019-12-12 23:59:59.999989,000017.sz,4.44,4116324.0000000005,4116.3240000000005,BUY
2019-12-12,2019-12-12 23:59:59.999989,000049.sz,38.84,4224574.0,4035.4760000000006,SELL
2019-12-12,2019-12-12 23:59:59.999989,000056.sz,4.18,4179581.9999999995,4179.581999999999,BUY
2019-12-20,2019-12-20 23:59:59.999989,000017.sz,4.7,812076.0000000001,859.6300000000001,SELL
2020-01-08,2020-01-08 23:59:59.999989,000017.sz,4.67,812964.0000000001,855.077,SELL
2020-01-10,2020-01-10 23:59:59.999989,000017.sz,4.65,2491284.0,2609.1150000000002,SELL
2020-01-10,2020-01-10 23:59:59.999989,000035.sz,5.87,4298014.0,4298.014,BUY
2020-01-23,2020-01-23 23:59:59.999989,000035.sz,5.67,836892.0,836.8919999999999,BUY
2020-02-03,2020-02-03 23:59:59.999989,000035.sz,4.99,742512.0,742.5120000000001,BUY
2020-02-03,2020-02-03 23:59:59.999989,000056.sz,3.56,740836.0,740.836,BUY
2020-02-04,2020-02-04 23:59:59.999989,000035.sz,4.49,701787.0,701.787,BUY
2020-02-04,2020-02-04 23:59:59.999989,000056.sz,3.2,701120.0,701.12,BUY
2020-02-05,2020-02-05 23:59:59.999989,000035.sz,4.97,776811.0,776.811,BUY
2020-02-05,2020-02-05 23:59:59.999989,000056.sz,3.4,772820.0,772.82,BUY
2020-02-06,2020-02-06 23:59:59.999989,000035.sz,5.01,784065.0,784.0649999999999,BUY
2020-02-06,2020-02-06 23:59:59.999989,000056.sz,3.47,782832.0,782.832,BUY
2020-02-07,2020-02-07 23:59:59.999989,000056.sz,3.55,818275.0,818.275,BUY
2020-02-10,2020-02-10 23:59:59.999989,000035.sz,5.92,798409.4938238633,869.648,SELL
2020-02-10,2020-02-10 23:59:59.999989,000056.sz,3.56,818444.0,818.4440000000001,BUY
2020-02-11,2020-02-11 23:59:59.999989,000035.sz,5.85,804388.053682313,865.8,SELL
2020-02-11,2020-02-11 23:59:59.999989,000056.sz,3.65,865780.0,865.7800000000001,BUY
2020-02-12,2020-02-12 23:59:59.999989,000056.sz,3.64,853580.0,853.58,BUY
2020-02-14,2020-02-14 23:59:59.999989,000035.sz,5.8,806018.5700073446,860.14,SELL
2020-02-14,2020-02-14 23:59:59.999989,000056.sz,3.58,18616.0,18.616,BUY
2020-02-17,2020-02-17 23:59:59.999989,000035.sz,5.87,5731264.882486479,6189.915,SELL
2020-02-17,2020-02-17 23:59:59.999989,000056.sz,3.63,861762.0,861.762,BUY
2020-02-18,2020-02-18 23:59:59.999989,000017.sz,3.83,4366966.0,4366.966,BUY
2020-03-02,2020-03-02 23:59:59.999989,000017.sz,3.71,844025.0,844.025,BUY
2020-03-02,2020-03-02 23:59:59.999989,000056.sz,3.58,851324.0,851.3240000000001,BUY
2020-03-04,2020-03-04 23:59:59.999989,000017.sz,4.2,824111.5400307084,908.46,SELL
2020-03-05,2020-03-05 23:59:59.999989,000017.sz,4.2,821825.5163413029,905.94,SELL
2020-03-06,2020-03-06 23:59:59.999989,000017.sz,4.25,832112.622943628,928.2,SELL
2020-03-06,2020-03-06 23:59:59.999989,000056.sz,3.89,895892.3388003038,935.5450000000001,SELL
2020-03-09,2020-03-09 23:59:59.999989,000017.sz,4.29,820301.5005483659,923.6370000000001,SELL
2020-03-10,2020-03-10 23:59:59.999989,000017.sz,4.2,807728.3702566352,890.4000000000001,SELL
2020-03-11,2020-03-11 23:59:59.999989,000017.sz,4.3,821825.5163413029,927.51,SELL
2020-03-12,2020-03-12 23:59:59.999989,000017.sz,4.4,283085.93353805656,326.92,SELL
2020-03-13,2020-03-13 23:59:59.999989,000017.sz,4.46,4344486.0,4344.486,BUY
2020-03-16,2020-03-16 23:59:59.999989,000017.sz,5.32,4344486.0,5182.212,SELL
2020-03-16,2020-03-16 23:59:59.999989,000035.sz,5.1,2542860.0,2542.86,BUY
2020-03-16,2020-03-16 23:59:59.999989,000039.sz,8.06,2527616.0,2527.6160000000004,BUY
2020-03-16,2020-03-16 23:59:59.999989,000056.sz,3.7,11369078.661199696,11292.4,SELL
2020-03-17,2020-03-17 23:59:59.999989,000035.sz,4.88,937936.0,937.936,BUY
2020-03-17,2020-03-17 23:59:59.999989,000039.sz,7.76,934304.0,934.304,BUY
2020-03-19,2020-03-19 23:59:59.999989,000035.sz,4.81,925443.9999999999,925.444,BUY
2020-03-19,2020-03-19 23:59:59.999989,000039.sz,7.51,927485.0,927.485,BUY
2020-03-20,2020-03-20 23:59:59.999989,000035.sz,4.81,936506.9999999999,936.5070000000001,BUY
2020-03-20,2020-03-20 23:59:59.999989,000039.sz,7.6,939360.0,939.36,BUY
2020-03-24,2020-03-24 23:59:59.999989,000035.sz,4.72,926064.0,926.0640000000001,BUY
2020-03-24,2020-03-24 23:59:59.999989,000039.sz,7.44,925536.0,925.5360000000001,BUY
2020-03-25,2020-03-25 23:59:59.999989,000035.sz,4.79,942193.0,942.1930000000001,BUY
2020-03-27,2020-03-27 23:59:59.999989,000035.sz,4.77,939689.9999999999,939.6899999999999,BUY
2020-03-31,2020-03-31 23:59:59.999989,000035.sz,4.69,937531.0000000001,937.5310000000001,BUY
2020-04-01,2020-04-01 23:59:59.999989,000035.sz,4.61,919695.0000000001,919.695,BUY
2020-04-02,2020-04-02 23:59:59.999989,000035.sz,4.5,896400.0,896.4000000000001,BUY
2020-04-03,2020-04-03 23:59:59.999989,000035.sz,4.69,935186.0000000001,935.1860000000001,BUY
2020-04-14,2020-04-14 23:59:59.999989,000035.sz,4.89,11839506.0,12057.762,SELL
2020-04-14,2020-04-14 23:59:59.999989,000039.sz,7.81,6254301.0,6290.955,SELL
2020-04-15,2020-04-15 23:59:59.999989,000001.sz,12.86,4794208.0,4794.208,BUY
2020-04-15,2020-04-15 23:59:59.999989,000017.sz,3.63,4768368.0,4768.368,BUY
2020-04-22,2020-04-22 23:59:59.999989,000017.sz,3.86,898425.0,955.35,SELL
2020-04-23,2020-04-23 23:59:59.999989,000017.sz,3.84,918027.0,971.136,SELL
2020-04-29,2020-04-29 23:59:59.999989,000001.sz,13.48,924634.0,969.2120000000001,SELL
2020-04-30,2020-04-30 23:59:59.999989,000001.sz,14.02,891198.0,971.5859999999999,SELL
2020-04-30,2020-04-30 23:59:59.999989,000017.sz,3.18,922836.0,922.836,BUY
2020-05-06,2020-05-06 23:59:59.999989,000001.sz,13.76,889912.0,952.192,SELL
2020-05-06,2020-05-06 23:59:59.999989,000017.sz,3.02,915362.0,915.3620000000001,BUY
2020-05-07,2020-05-07 23:59:59.999989,000001.sz,13.76,889912.0,952.192,SELL
2020-05-07,2020-05-07 23:59:59.999989,000017.sz,2.87,905772.0,905.772,BUY
2020-05-08,2020-05-08 23:59:59.999989,000001.sz,13.76,884768.0,946.688,SELL
2020-05-08,2020-05-08 23:59:59.999989,000017.sz,2.73,896259.0,896.259,BUY
2020-05-11,2020-05-11 23:59:59.999989,000001.sz,13.92,313784.0,339.648,SELL
2020-05-11,2020-05-11 23:59:59.999989,000017.sz,2.74,924476.0000000001,924.4760000000001,BUY
2020-05-12,2020-05-12 23:59:59.999989,000001.sz,13.95,4586760.0,4586.76,BUY
2020-05-12,2020-05-12 23:59:59.999989,000017.sz,2.66,924084.0,924.0840000000002,BUY
2020-05-13,2020-05-13 23:59:59.999989,000017.sz,2.47,882037.0000000001,882.0370000000001,BUY
2020-05-14,2020-05-14 23:59:59.999989,000017.sz,2.5,891000.0,891.0000000000001,BUY
2020-05-15,2020-05-15 23:59:59.999989,000001.sz,13.39,4586760.0,4402.6320000000005,SELL
2020-05-15,2020-05-15 23:59:59.999989,000017.sz,2.56,907264.0,907.2640000000001,BUY
2020-05-15,2020-05-15 23:59:59.999989,000035.sz,4.93,4474468.0,4474.468,BUY
2020-05-18,2020-05-18 23:59:59.999989,000017.sz,2.59,907277.0,907.2769999999999,BUY
2020-05-19,2020-05-19 23:59:59.999989,000017.sz,2.49,879717.0000000001,879.7170000000001,BUY
2020-05-20,2020-05-20 23:59:59.999989,000017.sz,2.45,871220.0000000001,871.2200000000001,BUY
2020-05-21,2020-05-21 23:59:59.999989,000017.sz,2.3,827769.9999999999,827.77,BUY
2020-05-22,2020-05-22 23:59:59.999989,000017.sz,2.19,14606990.000000002,11436.617999999999,SELL
2020-05-22,2020-05-22 23:59:59.999989,000035.sz,4.78,319782.0,319.78200000000004,BUY
2020-05-25,2020-05-25 23:59:59.999989,000017.sz,2.04,3877836.0,3877.8360000000002,BUY
2020-05-25,2020-05-25 23:59:59.999989,000035.sz,4.78,808776.0,808.7760000000001,BUY
2020-05-26,2020-05-26 23:59:59.999989,000035.sz,4.71,806352.0,806.3520000000001,BUY
2020-05-28,2020-05-28 23:59:59.999989,000017.sz,2.15,767652.0,809.045,SELL
2020-06-01,2020-06-01 23:59:59.999989,000017.sz,2.25,746844.0,823.725,SELL
2020-06-02,2020-06-02 23:59:59.999989,000017.sz,2.27,739908.0,823.329,SELL
2020-06-03,2020-06-03 23:59:59.999989,000017.sz,2.3,736236.0,830.07,SELL
2020-06-04,2020-06-04 23:59:59.999989,000017.sz,2.34,727260.0,834.2099999999999,SELL
2020-06-05,2020-06-05 23:59:59.999989,000017.sz,2.45,159936.0,192.08000000000004,SELL
2020-06-08,2020-06-08 23:59:59.999989,000017.sz,2.49,4156059.0000000005,4156.059000000001,BUY
2020-06-09,2020-06-09 23:59:59.999989,000017.sz,2.37,819546.0,819.546,BUY
2020-06-11,2020-06-11 23:59:59.999989,000017.sz,2.33,812471.0,812.471,BUY
2020-06-12,2020-06-12 23:59:59.999989,000002.sz,25.54,3986794.0,3986.794,BUY
2020-06-12,2020-06-12 23:59:59.999989,000035.sz,4.7,6409378.0,6180.030000000001,SELL
2020-06-15,2020-06-15 23:59:59.999989,000017.sz,2.31,807114.0,807.1140000000001,BUY
2020-06-16,2020-06-16 23:59:59.999989,000017.sz,2.27,800629.0,800.629,BUY
2020-06-17,2020-06-17 23:59:59.999989,000017.sz,2.31,808269.0,808.2690000000001,BUY
2020-06-29,2020-06-29 23:59:59.999989,000017.sz,2.3,805459.9999999999,805.4599999999999,BUY
2020-06-30,2020-06-30 23:59:59.999989,000017.sz,2.3,805229.9999999999,805.23,BUY
2020-07-01,2020-07-01 23:59:59.999989,000017.sz,2.3,806839.9999999999,806.8399999999999,BUY
2020-07-02,2020-07-02 23:59:59.999989,000002.sz,28.0,750876.0,823.2,SELL
2020-07-03,2020-07-03 23:59:59.999989,000002.sz,28.65,750876.0,842.3100000000001,SELL
2020-07-06,2020-07-06 23:59:59.999989,000002.sz,29.3,745768.0,855.56,SELL
2020-07-07,2020-07-07 23:59:59.999989,000002.sz,31.5,707458.0,872.55,SELL
2020-07-08,2020-07-08 23:59:59.999989,000002.sz,30.3,720228.0,854.46,SELL
2020-07-09,2020-07-09 23:59:59.999989,000002.sz,30.45,311588.0,371.49,SELL
2020-07-09,2020-07-09 23:59:59.999989,000017.sz,2.52,832998.1385362796,882.7560000000001,SELL
2020-07-10,2020-07-10 23:59:59.999989,000002.sz,30.02,4385922.0,4385.922,BUY
2020-07-10,2020-07-10 23:59:59.999989,000017.sz,2.54,824913.0866635323,881.1260000000001,SELL
2020-07-13,2020-07-13 23:59:59.999989,000017.sz,2.75,812547.7132110954,939.675,SELL
2020-07-14,2020-07-14 23:59:59.999989,000017.sz,2.85,795664.2225356527,953.6100000000001,SELL
2020-07-15,2020-07-15 23:59:59.999989,000002.sz,29.0,930900.0,930.9000000000001,BUY
2020-07-15,2020-07-15 23:59:59.999989,000017.sz,2.82,784725.6229431123,930.5999999999999,SELL
2020-07-16,2020-07-16 23:59:59.999989,000002.sz,28.25,904000.0,904.0,BUY
2020-07-16,2020-07-16 23:59:59.999989,000017.sz,2.65,803273.6831217677,895.17,SELL
2020-07-17,2020-07-17 23:59:59.999989,000002.sz,27.26,869594.0,869.5940000000002,BUY
2020-07-17,2020-07-17 23:59:59.999989,000017.sz,2.55,821583.947657107,881.025,SELL
2020-07-20,2020-07-20 23:59:59.999989,000002.sz,27.39,879219.0,879.219,BUY
2020-07-20,2020-07-20 23:59:59.999989,000017.sz,2.53,823010.7215170036,875.633,SELL
2020-07-21,2020-07-21 23:59:59.999989,000017.sz,2.67,810169.7567779345,909.669,SELL
2020-07-22,2020-07-22 23:59:59.999989,000002.sz,27.89,892480.0,892.48,BUY
2020-07-22,2020-07-22 23:59:59.999989,000017.sz,2.63,797566.5876821814,882.1020000000001,SELL
2020-07-23,2020-07-23 23:59:59.999989,000002.sz,27.64,884480.0,884.48,BUY
2020-07-23,2020-07-23 23:59:59.999989,000017.sz,2.64,805176.0482682964,893.9040000000001,SELL
2020-07-24,2020-07-24 23:59:59.999989,000002.sz,27.35,877935.0,877.9350000000001,BUY
2020-07-24,2020-07-24 23:59:59.999989,000017.sz,2.54,822297.3345870553,878.332,SELL
2020-07-27,2020-07-27 23:59:59.999989,000002.sz,27.27,880821.0,880.8209999999999,BUY
2020-07-27,2020-07-27 23:59:59.999989,000017.sz,2.54,822772.9258736875,878.84,SELL
2020-07-28,2020-07-28 23:59:59.999989,000002.sz,26.83,871975.0,871.9749999999999,BUY
2020-07-28,2020-07-28 23:59:59.999989,000017.sz,2.5,64918.21062529384,68.25,SELL
2020-07-29,2020-07-29 23:59:59.999989,000002.sz,26.71,865404.0,865.404,BUY
2020-07-29,2020-07-29 23:59:59.999989,000017.sz,2.65,4376475.0,4376.474999999999,BUY
2020-07-30,2020-07-30 23:59:59.999989,000002.sz,27.04,500240.0,500.24,BUY
2020-08-04,2020-08-04 23:59:59.999989,000017.sz,2.82,844025.0,898.17,SELL
2020-08-05,2020-08-05 23:59:59.999989,000017.sz,2.84,847470.0,908.232,SELL
2020-08-06,2020-08-06 23:59:59.999989,000002.sz,27.38,895326.0,895.326,BUY
2020-08-10,2020-08-10 23:59:59.999989,000002.sz,27.08,882808.0,882.808,BUY
2020-08-11,2020-08-11 23:59:59.999989,000002.sz,27.92,15521104.0,15392.296000000002,SELL
2020-08-11,2020-08-11 23:59:59.999989,000042.sz,9.46,26488.000000000004,26.488000000000007,BUY
2020-08-12,2020-08-12 23:59:59.999989,000042.sz,9.39,26488.000000000004,26.292000000000005,SELL
2020-08-13,2020-08-13 23:59:59.999989,000042.sz,9.42,4588482.0,4588.482,BUY
2020-08-19,2020-08-19 23:59:59.999989,000017.sz,2.78,873175.0,916.01,SELL
2020-09-08,2020-09-08 23:59:59.999989,000017.sz,2.65,1811805.0,1811.805,SELL
2020-09-08,2020-09-08 23:59:59.999989,000056.sz,3.56,4581364.0,4581.3640000000005,BUY
2020-09-11,2020-09-11 23:59:59.999989,000056.sz,3.43,893858.0,893.8580000000002,BUY
2020-09-23,2020-09-23 23:59:59.999989,000056.sz,3.43,907235.0,907.235,BUY
2020-09-25,2020-09-25 23:59:59.999989,000056.sz,3.39,893604.0,893.6040000000002,BUY
2020-09-29,2020-09-29 23:59:59.999989,000056.sz,3.32,887768.0,887.7679999999999,BUY
2020-09-30,2020-09-30 23:59:59.999989,000056.sz,3.29,884023.0,884.023,BUY
2020-10-09,2020-10-09 23:59:59.999989,000056.sz,3.29,881391.0,881.391,BUY
2020-10-12,2020-10-12 23:59:59.999989,000056.sz,3.4,909160.0,909.1599999999999,BUY
2020-10-14,2020-10-14 23:59:59.999989,000042.sz,9.6,4588482.0,4676.16,SELL
2020-10-14,2020-10-14 23:59:59.999989,000062.sz,15.47,2696421.0,2696.4210000000003,BUY
2020-10-15,2020-10-15 23:59:59.999989,000062.sz,14.92,895200.0,895.2,BUY
2020-10-16,2020-10-16 23:59:59.999989,000062.sz,14.89,897867.0,897.8670000000001,BUY
2020-10-19,2020-10-19 23:59:59.999989,000062.sz,14.7,899640.0,899.64,BUY
2020-10-20,2020-10-20 23:59:59.999989,000062.sz,14.34,886212.0,886.2120000000001,BUY
2020-10-21,2020-10-21 23:59:59.999989,000062.sz,14.42,896924.0,896.9240000000001,BUY
2020-10-22,2020-10-22 23:59:59.999989,000062.sz,14.25,176700.0,176.70000000000002,BUY
2020-10-27,2020-10-27 23:59:59.999989,000056.sz,3.52,852400.6172545281,871.2,SELL
2020-10-28,2020-10-28 23:59:59.999989,000062.sz,14.12,869792.0,869.7919999999999,BUY
2020-10-30,2020-10-30 23:59:59.999989,000056.sz,3.3,660.0,0.66,BUY
2020-11-11,2020-11-11 23:59:59.999989,000062.sz,13.99,8218756.0,7747.662000000001,SELL
2020-11-12,2020-11-12 23:59:59.999989,000035.sz,4.52,4334228.0,4334.227999999999,BUY
2020-11-12,2020-11-12 23:59:59.999989,000056.sz,3.31,866889.0,866.8889999999999,BUY
2020-11-13,2020-11-13 23:59:59.999989,000056.sz,3.3,866250.0,866.25,BUY
2020-12-14,2020-12-14 23:59:59.999989,000056.sz,3.28,856736.0,856.7359999999999,BUY
2020-12-25,2020-12-25 23:59:59.999989,000035.sz,4.15,794310.0000000001,794.3100000000001,BUY
2020-12-28,2020-12-28 23:59:59.999989,000035.sz,4.15,13695.000000000002,13.695000000000002,BUY
2021-01-07,2021-01-07 23:59:59.999989,000056.sz,2.98,12576537.38274547,10982.194000000001,SELL
2021-01-08,2021-01-08 23:59:59.999989,000035.sz,3.93,768315.0,768.315,BUY
2021-01-08,2021-01-08 23:59:59.999989,000062.sz,11.91,3902907.0,3902.9069999999997,BUY
2021-01-11,2021-01-11 23:59:59.999989,000035.sz,3.99,779247.0,779.2470000000001,BUY
2021-01-12,2021-01-12 23:59:59.999989,000035.sz,3.92,779296.0,779.296,BUY
2021-01-13,2021-01-13 23:59:59.999989,000035.sz,3.95,779335.0,779.335,BUY
2021-01-14,2021-01-14 23:59:59.999989,000035.sz,4.09,800413.0,800.413,BUY
2021-01-18,2021-01-18 23:59:59.999989,000035.sz,4.07,794057.0,794.057,BUY
2021-01-19,2021-01-19 23:59:59.999989,000035.sz,4.07,796092.0,796.092,BUY
2021-01-21,2021-01-21 23:59:59.999989,000035.sz,4.03,788268.0,788.268,BUY
2021-01-26,2021-01-26 23:59:59.999989,000035.sz,3.89,759717.0,759.7170000000001,BUY
2021-01-27,2021-01-27 23:59:59.999989,000035.sz,3.85,12705.0,12.705000000000002,BUY
2021-02-04,2021-02-04 23:59:59.999989,000035.sz,3.77,12199678.0,11012.547,SELL
2021-02-04,2021-02-04 23:59:59.999989,000062.sz,11.33,3902907.0,3712.841,SELL
2021-02-05,2021-02-05 23:59:59.999989,000028.sz,37.49,3674020.0,3674.02,BUY
2021-02-05,2021-02-05 23:59:59.999989,000056.sz,2.35,3646495.0,3646.4950000000003,BUY
2021-02-19,2021-02-19 23:59:59.999989,000056.sz,2.44,713930.0,741.272,SELL
2021-02-22,2021-02-22 23:59:59.999989,000028.sz,40.2,712310.0,763.8000000000001,SELL
2021-02-22,2021-02-22 23:59:59.999989,000056.sz,2.58,697715.0,766.0020000000001,SELL
2021-02-23,2021-02-23 23:59:59.999989,000028.sz,39.93,712310.0,758.67,SELL
2021-02-23,2021-02-23 23:59:59.999989,000056.sz,2.59,691135.0,761.719,SELL
2021-02-24,2021-02-24 23:59:59.999989,000056.sz,2.57,699595.0,765.0889999999999,SELL
2021-02-25,2021-02-25 23:59:59.999989,000056.sz,3.06,639200.0,832.32,SELL
2021-02-26,2021-02-26 23:59:59.999989,000056.sz,3.4,204920.0,296.48,SELL
2021-03-01,2021-03-01 23:59:59.999989,000056.sz,3.74,4233306.0,4233.3060000000005,BUY
2021-03-02,2021-03-02 23:59:59.999989,000028.sz,39.88,697314.0,741.7680000000001,SELL
2021-03-02,2021-03-02 23:59:59.999989,000056.sz,3.03,703869.0,703.869,BUY
2021-03-03,2021-03-03 23:59:59.999989,000028.sz,39.86,674820.0,717.48,SELL
2021-03-03,2021-03-03 23:59:59.999989,000056.sz,2.8,703640.0,703.64,BUY
2021-03-03,2021-03-03 23:59:59.999989,000056.sz,2.8,877460.111111111,703.64,SELL
2021-03-04,2021-03-04 23:59:59.999989,000028.sz,40.5,659824.0,712.8000000000001,SELL
2021-03-04,2021-03-04 23:59:59.999989,000056.sz,2.78,706676.0,706.676,BUY
2021-03-05,2021-03-05 23:59:59.999989,000028.sz,40.1,217442.0,232.58,SELL
2021-03-05,2021-03-05 23:59:59.999989,000056.sz,2.77,716599.0,716.5989999999999,BUY
2021-03-08,2021-03-08 23:59:59.999989,000028.sz,40.54,3575628.0,3575.628,BUY
2021-03-08,2021-03-08 23:59:59.999989,000056.sz,2.77,712998.0,712.9979999999999,BUY
2021-03-09,2021-03-09 23:59:59.999989,000056.sz,2.71,703787.0,703.7869999999999,BUY
2021-03-10,2021-03-10 23:59:59.999989,000056.sz,2.65,693770.0,693.77,BUY
2021-03-11,2021-03-11 23:59:59.999989,000028.sz,39.26,687050.0,687.05,BUY
2021-03-11,2021-03-11 23:59:59.999989,000056.sz,2.58,681894.0,681.894,BUY
2021-03-12,2021-03-12 23:59:59.999989,000056.sz,2.65,697215.0,697.215,BUY
2021-03-15,2021-03-15 23:59:59.999989,000056.sz,2.65,695625.0,695.625,BUY
2021-04-09,2021-04-09 23:59:59.999989,000028.sz,42.4,4262678.0,4481.68,SELL
2021-04-09,2021-04-09 23:59:59.999989,000039.sz,16.1,635950.0,635.95,BUY
2021-04-09,2021-04-09 23:59:59.999989,000042.sz,8.76,638604.0,638.604,BUY
2021-04-09,2021-04-09 23:59:59.999989,000056.sz,3.31,10371918.888888888,11405.929,SELL
2021-04-12,2021-04-12 23:59:59.999989,000039.sz,17.18,635950.0,678.61,SELL
2021-04-12,2021-04-12 23:59:59.999989,000042.sz,8.88,638604.0,647.3520000000001,SELL
2021-04-13,2021-04-13 23:59:59.999989,000039.sz,16.51,4124198.0000000005,4124.198,BUY
2021-04-13,2021-04-13 23:59:59.999989,000042.sz,8.78,4139769.9999999995,4139.7699999999995,BUY
2021-04-21,2021-04-21 23:59:59.999989,000039.sz,15.9,822030.0,822.0300000000001,BUY
2021-04-26,2021-04-26 23:59:59.999989,000039.sz,15.81,820539.0,820.539,BUY
2021-04-27,2021-04-27 23:59:59.999989,000039.sz,15.65,805975.0,805.975,BUY
2021-04-29,2021-04-29 23:59:59.999989,000039.sz,15.6,809640.0,809.64,BUY
2021-05-06,2021-05-06 23:59:59.999989,000042.sz,8.49,819285.0,819.285,BUY
2021-05-10,2021-05-10 23:59:59.999989,000042.sz,8.46,827388.0000000001,827.388,BUY
2021-05-11,2021-05-11 23:59:59.999989,000039.sz,17.05,795125.2066549913,838.8600000000001,SELL
2021-05-11,2021-05-11 23:59:59.999989,000042.sz,8.42,837790.0,837.79,BUY
2021-05-12,2021-05-12 23:59:59.999989,000039.sz,16.45,6587256.793345009,6705.02,SELL
2021-05-12,2021-05-12 23:59:59.999989,000042.sz,8.48,6624232.999999999,6489.744000000001,SELL
2021-05-12,2021-05-12 23:59:59.999989,000049.sz,46.57,3376325.0,3376.325,BUY
2021-05-13,2021-05-13 23:59:59.999989,000001.sz,23.52,4108944.0,4108.944,BUY
2021-05-14,2021-05-14 23:59:59.999989,000049.sz,42.14,804874.0,804.874,BUY
2021-05-17,2021-05-17 23:59:59.999989,000049.sz,43.2,807840.0,807.84,BUY
2021-05-18,2021-05-18 23:59:59.999989,000049.sz,43.54,818552.0,818.552,BUY
2021-05-19,2021-05-19 23:59:59.999989,000049.sz,43.16,815723.9999999999,815.724,BUY
2021-05-21,2021-05-21 23:59:59.999989,000049.sz,43.55,823095.0,823.095,BUY
2021-05-24,2021-05-24 23:59:59.999989,000049.sz,41.63,795133.0,795.1330000000002,BUY
2021-05-25,2021-05-25 23:59:59.999989,000049.sz,41.85,803520.0,803.52,BUY
2021-05-26,2021-05-26 23:59:59.999989,000049.sz,42.18,814074.0,814.0740000000001,BUY
2021-05-27,2021-05-27 23:59:59.999989,000001.sz,24.91,773808.0,819.539,SELL
2021-05-27,2021-05-27 23:59:59.999989,000049.sz,42.3,820620.0,820.62,BUY
2021-05-28,2021-05-28 23:59:59.999989,000001.sz,24.68,780864.0,819.3760000000001,SELL
2021-06-04,2021-06-04 23:59:59.999989,000049.sz,42.25,811200.0,811.1999999999999,BUY
2021-06-09,2021-06-09 23:59:59.999989,000001.sz,24.43,2554272.0,2653.098,SELL
2021-06-09,2021-06-09 23:59:59.999989,000002.sz,26.06,2579940.0,2579.94,BUY
2021-06-16,2021-06-16 23:59:59.999989,000002.sz,24.75,848925.0,848.9250000000001,BUY
2021-06-21,2021-06-21 23:59:59.999989,000002.sz,24.5,815850.0,815.8499999999999,BUY
2021-06-22,2021-06-22 23:59:59.999989,000002.sz,24.3,811620.0,811.62,BUY
2021-06-23,2021-06-23 23:59:59.999989,000002.sz,24.25,169750.0,169.75,BUY
2021-06-25,2021-06-25 23:59:59.999989,000049.sz,46.33,807992.0353477765,857.105,SELL
2021-06-29,2021-06-29 23:59:59.999989,000002.sz,24.1,850730.0,850.7300000000001,BUY
2021-06-30,2021-06-30 23:59:59.999989,000002.sz,23.82,4764.0,4.764,BUY
2021-07-01,2021-07-01 23:59:59.999989,000049.sz,45.57,807992.0353477765,843.045,SELL
2021-07-05,2021-07-05 23:59:59.999989,000002.sz,24.06,825258.0,825.258,BUY
2021-07-06,2021-07-06 23:59:59.999989,000002.sz,23.9,14340.0,14.339999999999998,BUY
2021-07-06,2021-07-06 23:59:59.999989,000049.sz,46.5,799256.9863169898,850.95,SELL
2021-07-08,2021-07-08 23:59:59.999989,000049.sz,48.29,794889.4618015963,878.8779999999999,SELL
2021-07-09,2021-07-09 23:59:59.999989,000002.sz,23.83,869794.9999999999,869.795,BUY
2021-07-09,2021-07-09 23:59:59.999989,000049.sz,47.8,790521.9372862029,865.1800000000001,SELL
2021-07-12,2021-07-12 23:59:59.999989,000002.sz,24.29,910875.0,910.875,BUY
2021-07-12,2021-07-12 23:59:59.999989,000049.sz,51.33,768684.314709236,903.408,SELL
2021-07-13,2021-07-13 23:59:59.999989,000002.sz,23.84,898768.0,898.768,BUY
2021-07-13,2021-07-13 23:59:59.999989,000049.sz,51.49,759949.2656784493,895.9260000000002,SELL
2021-07-14,2021-07-14 23:59:59.999989,000002.sz,23.81,909542.0,909.542,BUY
2021-07-14,2021-07-14 23:59:59.999989,000049.sz,51.5,746846.6921322691,880.6500000000001,SELL
2021-07-15,2021-07-15 23:59:59.999989,000002.sz,23.21,863412.0,863.4120000000001,BUY
2021-07-15,2021-07-15 23:59:59.999989,000049.sz,46.99,790521.9372862029,850.5190000000001,SELL
2021-07-16,2021-07-16 23:59:59.999989,000002.sz,23.4,861120.0,861.12,BUY
2021-07-16,2021-07-16 23:59:59.999989,000049.sz,46.3,803624.5108323831,851.9200000000001,SELL
2021-07-19,2021-07-19 23:59:59.999989,000049.sz,45.8,821094.6088939566,861.04,SELL
2021-07-20,2021-07-20 23:59:59.999989,000002.sz,23.3,852780.0,852.7800000000001,BUY
2021-07-21,2021-07-21 23:59:59.999989,000002.sz,23.0,846400.0,846.4000000000001,BUY
2021-07-21,2021-07-21 23:59:59.999989,000049.sz,45.92,807992.0353477765,849.52,SELL
2021-07-22,2021-07-22 23:59:59.999989,000002.sz,22.71,840270.0,840.27,BUY
2021-07-22,2021-07-22 23:59:59.999989,000049.sz,44.0,790521.9372862029,796.4000000000001,SELL
2021-07-23,2021-07-23 23:59:59.999989,000002.sz,23.15,849605.0,849.605,BUY
2021-07-26,2021-07-26 23:59:59.999989,000002.sz,22.8,754680.0,754.6800000000001,BUY
2021-07-27,2021-07-27 23:59:59.999989,000002.sz,21.3,8520.0,8.520000000000001,BUY
2021-08-05,2021-08-05 23:59:59.999989,000001.sz,17.7,1770.0,1.77,BUY
2021-08-05,2021-08-05 23:59:59.999989,000049.sz,42.0,1201069.2417331813,1155.0,SELL
2021-08-06,2021-08-06 23:59:59.999989,000001.sz,17.55,1770.0,1.7550000000000001,SELL
2021-08-06,2021-08-06 23:59:59.999989,000002.sz,20.73,762864.0,762.8640000000001,BUY
2021-08-10,2021-08-10 23:59:59.999989,000001.sz,19.09,391345.0,391.34499999999997,BUY
2021-08-11,2021-08-11 23:59:59.999989,000001.sz,19.99,391345.0,409.79499999999996,SELL
2021-08-12,2021-08-12 23:59:59.999989,000001.sz,19.79,407674.0,407.67400000000004,BUY
2021-08-13,2021-08-13 23:59:59.999989,000001.sz,19.78,407674.0,407.4680000000001,SELL
2021-08-17,2021-08-17 23:59:59.999989,000001.sz,19.85,404940.0,404.94000000000005,BUY
2021-08-18,2021-08-18 23:59:59.999989,000001.sz,19.67,404940.0,401.2680000000001,SELL
2021-08-18,2021-08-18 23:59:59.999989,000002.sz,23.2,2320.0,2.32,BUY
2021-08-19,2021-08-19 23:59:59.999989,000001.sz,20.48,397312.0,397.31200000000007,BUY
2021-08-20,2021-08-20 23:59:59.999989,000001.sz,19.97,397312.0,387.418,SELL
2021-08-24,2021-08-24 23:59:59.999989,000001.sz,19.35,390870.0,390.87,BUY
2021-08-25,2021-08-25 23:59:59.999989,000001.sz,19.42,390870.0,392.28400000000005,SELL
2021-09-06,2021-09-06 23:59:59.999989,000001.sz,17.93,389081.0,389.08099999999996,BUY
2021-09-07,2021-09-07 23:59:59.999989,000001.sz,18.6,389081.0,403.62,SELL
2021-09-07,2021-09-07 23:59:59.999989,000002.sz,20.68,2068.0,2.068,BUY
2021-09-08,2021-09-08 23:59:59.999989,000001.sz,19.24,402115.99999999994,402.116,BUY
2021-09-09,2021-09-09 23:59:59.999989,000001.sz,19.11,402115.99999999994,399.399,SELL
2021-09-10,2021-09-10 23:59:59.999989,000001.sz,18.89,396690.0,396.69,BUY
2021-09-13,2021-09-13 23:59:59.999989,000001.sz,20.36,396690.0,427.56,SELL
2021-09-13,2021-09-13 23:59:59.999989,000002.sz,20.29,2029.0,2.029,BUY
2021-09-14,2021-09-14 23:59:59.999989,000001.sz,20.18,425798.0,425.798,BUY
2021-09-15,2021-09-15 23:59:59.999989,000001.sz,19.31,425798.0,407.441,SELL
2021-09-16,2021-09-16 23:59:59.999989,000001.sz,19.3,403370.0,403.37000000000006,BUY
2021-09-17,2021-09-17 23:59:59.999989,000001.sz,18.9,403370.0,395.01,SELL
2021-09-17,2021-09-17 23:59:59.999989,000002.sz,19.05,17156225.0,13696.95,SELL
2021-09-22,2021-09-22 23:59:59.999989,000001.sz,17.87,3395300.0,3395.3,BUY
2021-09-22,2021-09-22 23:59:59.999989,000002.sz,18.9,3488939.9999999995,3488.9399999999996,BUY
2021-09-23,2021-09-23 23:59:59.999989,000002.sz,19.9,672840.0,708.4399999999999,SELL
2021-09-24,2021-09-24 23:59:59.999989,000002.sz,20.4,657720.0,709.9200000000001,SELL
2021-09-27,2021-09-27 23:59:59.999989,000002.sz,20.15,661500.0,705.25,SELL
2021-09-29,2021-09-29 23:59:59.999989,000002.sz,21.3,644490.0,726.33,SELL
2021-09-30,2021-09-30 23:59:59.999989,000002.sz,21.45,644490.0,731.445,SELL
2021-10-08,2021-10-08 23:59:59.999989,000002.sz,21.48,207899.99999999997,236.28,SELL
2021-10-11,2021-10-11 23:59:59.999989,000001.sz,19.0,3395300.0,3610.0,SELL
2021-10-11,2021-10-11 23:59:59.999989,000049.sz,32.5,3643250.0,3643.2500000000005,BUY
2021-10-11,2021-10-11 23:59:59.999989,000062.sz,14.42,3636724.0,3636.724,BUY
2021-10-20,2021-10-20 23:59:59.999989,000049.sz,35.47,689000.0,751.9639999999999,SELL
2021-10-21,2021-10-21 23:59:59.999989,000049.sz,36.34,682500.0,763.1400000000001,SELL
2021-10-22,2021-10-22 23:59:59.999989,000049.sz,40.44,633750.0,788.5799999999999,SELL
2021-10-25,2021-10-25 23:59:59.999989,000049.sz,39.39,640250.0,775.983,SELL
2021-10-26,2021-10-26 23:59:59.999989,000049.sz,44.0,588250.0,796.4000000000001,SELL
2021-10-27,2021-10-27 23:59:59.999989,000049.sz,43.49,409500.0,547.974,SELL
